Date,AAPL,SBUX,MSFT,CSCO,QCOM,FB,AMZN,TSLA,AMD,ZNGA
04/30/2012,-1,-1,-1,1,1,,1,1,-1,-1
05/01/2012,-2,-2,-2,2,-1,,2,2,1,-2
05/02/2012,-3,-3,-3,-1,1,,3,3,2,1
05/03/2012,-4,-4,-4,-2,-1,,4,-1,-1,-1
05/04/2012,-5,-5,-5,-3,-2,,-1,-2,-2,-2
05/07/2012,-6,-6,-6,-4,-3,,-2,-3,-3,-3
05/08/2012,-7,-7,-7,-5,1,,-3,-4,-4,-4
05/09/2012,-8,-8,-8,-6,-1,,-4,-5,-5,-5
05/10/2012,-9,-9,-9,-7,1,,1,1,-6,-6
05/11/2012,-10,1,1,-8,-1,,2,2,-7,-7
05/14/2012,-11,-1,-1,-9,-2,,-1,-1,-8,1
05/15/2012,-12,-2,-2,-10,-3,,-2,-2,-9,2
05/16/2012,-13,-3,-3,-11,-4,,-3,-3,-10,3
05/17/2012,-14,-4,-4,-12,-5,,-4,-4,-11,4
05/18/2012,-15,-5,-5,-13,-6,,-5,-5,-12,-1
05/21/2012,1,1,-6,1,-7,,-6,1,1,-2
05/22/2012,2,2,1,2,1,,-7,2,-1,-3
05/23/2012,3,3,-1,3,2,,1,3,-2,-4
05/24/2012,4,4,-2,-1,-1,,-1,4,-3,-5
05/25/2012,5,5,-3,-2,-2,,-2,-1,1,-6
05/29/2012,6,6,1,1,1,,-3,1,2,-7
05/30/2012,7,-1,-1,-1,-1,,-4,-1,-1,-8
05/31/2012,8,1,-2,-2,-2,,1,-2,-2,-9
06/01/2012,-1,-1,-3,-3,-3,,-1,-3,-3,-10
06/04/2012,-2,1,-4,-4,-4,,1,-4,-4,-11
06/05/2012,-3,-1,-5,-5,1,,2,-5,-5,-12
06/06/2012,1,1,1,1,2,,3,1,1,1
06/07/2012,2,2,2,2,3,,4,2,-1,2
06/08/2012,3,3,3,3,4,,5,3,1,3
06/11/2012,-1,-1,-1,-1,-1,,-1,-1,-1,-1
06/12/2012,1,-2,1,1,1,,-2,1,1,-2
06/13/2012,-1,-3,-1,2,2,,-3,2,-1,-3
06/14/2012,-2,-4,1,3,-1,,-4,-1,-2,-4
06/15/2012,1,1,2,4,-2,1.0,1,1,1,1
06/18/2012,2,2,3,5,-3,2.0,2,2,2,2
06/19/2012,3,3,4,6,-4,3.0,3,3,-1,3
06/20/2012,4,4,5,7,-5,4.0,4,4,1,4
06/21/2012,-1,-1,-1,-1,-6,5.0,-1,-1,-1,-1
06/22/2012,1,1,1,1,-7,6.0,1,1,-2,1
06/25/2012,-1,-1,-1,-1,-8,7.0,-1,2,-3,2
06/26/2012,-2,-2,-2,-2,-9,8.0,1,-1,-4,-1
06/27/2012,-3,-3,1,-3,1,-1.0,2,-2,-5,-2
06/28/2012,-4,-4,-1,-4,-1,-2.0,-1,-3,-6,-3
06/29/2012,1,1,1,1,1,-3.0,1,-4,1,-4
07/02/2012,2,-1,2,2,2,-4.0,2,-5,2,1
07/03/2012,3,-2,3,3,3,-5.0,3,-6,3,-1
07/05/2012,4,-3,4,-1,4,1.0,-1,1,4,-2
07/06/2012,5,-4,-1,-2,-1,2.0,-2,-1,-1,-3
07/09/2012,6,1,-2,-3,-2,3.0,-3,1,-2,-4
07/10/2012,7,2,-3,-4,-3,-1.0,-4,2,-3,-5
07/11/2012,-1,-1,-4,-5,-4,-2.0,-5,3,-4,-6
07/12/2012,-2,1,-5,-6,-5,-3.0,-6,4,-5,-7
07/13/2012,1,2,1,-7,1,-4.0,-7,5,-6,-8
07/16/2012,2,-1,2,-8,-1,-5.0,-8,6,-7,-9
07/17/2012,3,1,3,-9,-2,-6.0,-9,-1,-8,-10
07/18/2012,4,2,4,1,1,-7.0,1,-2,-9,-11
07/19/2012,5,3,5,2,2,-8.0,2,-3,-10,-12
07/20/2012,-1,-1,-1,-1,3,-9.0,3,-4,-11,1
07/23/2012,-2,-2,-2,-2,4,-10.0,4,-5,-12,2
07/24/2012,-3,-3,-3,-3,-1,-11.0,-1,-6,-13,3
07/25/2012,-4,-4,-4,-4,1,1.0,-2,-7,-14,4
07/26/2012,-5,1,-5,-5,2,-1.0,-3,-8,-15,-1
07/27/2012,-6,-1,1,1,3,-2.0,1,1,-16,-2
07/30/2012,1,-2,2,2,4,-3.0,2,-1,-17,-3
07/31/2012,2,-3,-1,3,5,-4.0,3,-2,-18,-4
08/01/2012,3,-4,-2,4,6,-5.0,4,-3,-19,-5
08/02/2012,4,-5,-3,-1,-1,-6.0,-1,-4,-20,-6
08/03/2012,5,-6,1,1,1,-7.0,1,1,1,-7
08/06/2012,6,-7,2,2,2,1.0,2,2,-1,1
08/07/2012,7,1,3,3,3,-1.0,3,3,-2,2
08/08/2012,8,2,4,4,4,-2.0,-1,4,1,3
08/09/2012,9,3,5,5,5,-3.0,-2,5,2,4
08/10/2012,10,4,6,6,6,1.0,-3,6,3,-1
08/13/2012,11,5,7,7,7,2.0,-4,7,-1,-2
08/14/2012,12,6,-1,-1,8,-1.0,-5,-1,-2,1
08/15/2012,13,7,-2,1,9,1.0,1,-2,-3,2
08/16/2012,14,8,1,2,10,-1.0,2,1,-4,-1
08/17/2012,15,9,2,3,11,-2.0,3,2,-5,-2
08/20/2012,16,10,3,4,12,1.0,4,-1,-6,-3
08/21/2012,17,11,4,5,-1,-1.0,-1,-2,-7,-4
08/22/2012,18,12,-1,6,-2,-2.0,1,1,-8,1
08/23/2012,19,-1,-2,7,-3,-3.0,2,2,-9,2
08/24/2012,20,1,1,8,1,-4.0,3,-1,-10,3
08/27/2012,21,2,2,9,2,-5.0,4,-2,-11,-1
08/28/2012,22,3,3,10,-1,-6.0,5,-3,-12,-2
08/29/2012,23,4,4,-1,-2,-7.0,6,-4,-13,-3
08/30/2012,-1,5,-1,-2,-3,-8.0,7,-5,-14,-4
08/31/2012,-2,6,1,-3,-4,-9.0,8,-6,-15,-5
09/04/2012,1,7,-1,-4,-5,-10.0,9,-7,-16,-6
09/05/2012,-1,8,-2,-5,-6,1.0,-1,-8,-17,1
09/06/2012,1,9,1,1,1,2.0,1,1,1,2
09/07/2012,2,10,2,2,2,3.0,2,2,-1,-1
09/10/2012,-1,11,-1,-1,-1,4.0,3,-1,-2,-2
09/11/2012,-2,12,-2,-2,1,5.0,4,-2,1,-3
09/12/2012,1,13,-3,-3,2,6.0,5,1,2,1
09/13/2012,2,14,1,1,3,7.0,6,2,3,2
09/14/2012,3,-1,2,2,4,8.0,7,3,4,3
09/17/2012,4,-2,3,-1,5,9.0,-1,4,5,4
09/18/2012,5,-3,4,-2,6,10.0,1,5,-1,5
09/19/2012,6,1,-1,-3,7,11.0,2,6,-2,6
09/20/2012,7,2,1,-4,-1,12.0,3,-1,-3,7
09/21/2012,8,3,-1,-5,-2,13.0,-1,-2,-4,8
09/24/2012,-1,4,-2,-6,-3,-1.0,-2,1,-5,-1
09/25/2012,-2,-1,-3,-7,-4,-2.0,-3,-1,-6,-2
09/26/2012,-3,-2,-4,-8,-5,-3.0,-4,-2,-7,-3
09/27/2012,1,1,-5,1,1,-4.0,1,-3,1,-4
09/28/2012,-1,2,-6,2,-1,1.0,-1,1,-1,-5
10/01/2012,-2,-1,-7,3,-2,2.0,-2,2,-2,-6
10/02/2012,-3,-2,-8,-1,-3,3.0,-3,3,-3,-7
10/03/2012,1,-3,1,1,-4,4.0,1,-1,-4,-8
10/04/2012,-1,-4,2,-1,1,5.0,2,1,-5,1
10/05/2012,-2,-5,-1,-2,2,-1.0,3,-1,-6,-1
10/08/2012,-3,-6,-2,1,-1,-2.0,4,1,-7,-2
10/09/2012,-4,-7,-3,-1,-2,-3.0,-1,-1,1,-3
10/10/2012,-5,-8,-4,-2,-3,-4.0,-2,-2,-1,-4
10/11/2012,-6,-9,-5,-3,-4,-5.0,-3,-3,1,-5
10/12/2012,-7,-10,1,-4,-5,-6.0,-4,-4,-1,-6
10/15/2012,1,1,2,1,-6,-7.0,-5,-5,-2,-7
10/16/2012,2,2,3,2,1,-8.0,-6,1,-3,1
10/17/2012,3,3,4,3,2,1.0,1,2,-4,2
10/18/2012,-1,-1,5,-1,-1,-1.0,-1,-1,-5,3
10/19/2012,-2,-2,-1,-2,-2,-2.0,-2,-2,-6,-1
10/22/2012,1,-3,-2,-3,-3,1.0,-3,-3,-7,-2
10/23/2012,-1,-4,-3,-4,-4,2.0,-4,1,-8,-3
10/24/2012,-2,-5,-4,-5,-5,3.0,-5,-1,-9,-4
10/25/2012,-3,1,-5,-6,-6,4.0,-6,-2,-10,1
10/26/2012,-4,2,1,-7,1,5.0,1,-3,-11,2
10/31/2012,-5,3,2,-8,2,-1.0,-1,1,-12,-1
11/01/2012,-6,4,3,1,3,-2.0,-2,2,1,-2
11/02/2012,-7,5,4,-1,4,-3.0,-3,3,-1,1
11/05/2012,-8,6,5,1,5,-4.0,1,4,1,-1
11/06/2012,-9,7,6,2,6,-5.0,2,5,-1,-2
11/07/2012,-10,8,-1,-1,-1,-6.0,-1,6,-2,-3
11/08/2012,-11,9,-2,-2,1,-7.0,-2,7,-3,-4
11/09/2012,-12,10,-3,-3,2,-8.0,-3,-1,1,-5
11/12/2012,-13,-1,-4,-4,3,1.0,-4,1,-1,-6
11/13/2012,-14,-2,-5,-5,4,-1.0,-5,2,1,-7
11/14/2012,-15,-3,-6,1,5,1.0,-6,3,-1,1
11/15/2012,-16,-4,-7,2,-1,2.0,-7,-1,-2,2
11/16/2012,-17,-5,-8,3,1,3.0,1,1,-3,3
11/19/2012,1,1,-9,4,2,4.0,2,2,1,-1
11/20/2012,2,2,-10,5,3,5.0,3,3,-1,1
11/21/2012,3,3,1,6,4,6.0,4,4,-2,2
11/23/2012,4,4,2,7,5,7.0,5,-1,1,3
11/26/2012,5,5,3,8,6,8.0,6,-2,-1,4
11/27/2012,6,-1,-1,9,-1,9.0,7,-3,-2,5
11/28/2012,7,1,1,10,1,10.0,8,1,1,6
11/29/2012,8,2,-1,11,2,11.0,9,2,2,7
11/30/2012,9,3,-2,12,3,12.0,10,3,3,-1
12/03/2012,10,4,-3,13,4,13.0,11,4,4,-2
12/04/2012,-1,-1,-4,14,5,14.0,12,5,5,-3
12/05/2012,-2,-2,1,15,6,15.0,13,-1,6,-4
12/06/2012,-3,1,2,16,7,-1.0,14,1,7,1
12/07/2012,-4,2,-1,17,8,1.0,15,2,8,2
12/10/2012,-5,3,1,18,9,2.0,-1,3,9,-1
12/11/2012,1,4,2,19,10,3.0,-2,4,10,1
12/12/2012,-1,5,3,20,-1,-1.0,1,5,11,2
12/13/2012,-2,-1,4,21,-2,1.0,2,-1,12,3
12/14/2012,-3,1,-1,22,-3,-1.0,-1,-2,13,-1
12/17/2012,-4,2,1,23,1,-2.0,1,1,14,-2
12/18/2012,1,3,2,24,2,1.0,2,2,15,-3
12/19/2012,-1,4,3,25,3,2.0,3,3,16,-4
12/20/2012,-2,5,4,26,4,-1.0,4,-1,-1,-5
12/21/2012,-3,-1,5,-1,-1,-2.0,-1,-2,1,-6
12/24/2012,-4,-2,-1,-2,-2,-3.0,1,1,-1,-7
12/26/2012,-5,-3,-2,-3,-3,-4.0,-1,-1,-2,1
12/27/2012,-6,-4,-3,-4,-4,-5.0,-2,-2,-3,2
12/28/2012,-7,-5,-4,-5,-5,-6.0,-3,-3,-4,-1
12/31/2012,1,1,-5,-6,1,1.0,1,1,1,-2
01/02/2013,2,2,1,1,2,2.0,2,2,2,1
01/03/2013,3,3,2,2,3,3.0,3,3,3,2
01/04/2013,-1,4,-1,3,4,4.0,4,-1,4,3
01/07/2013,-2,5,-2,4,5,5.0,5,-2,5,4
01/08/2013,-3,6,-3,5,6,6.0,6,-3,6,-1
01/09/2013,-4,-1,-4,6,7,7.0,7,-4,7,-2
01/10/2013,1,-2,-5,7,8,8.0,8,-5,-1,-3
01/11/2013,-1,1,1,8,9,9.0,9,-6,1,1
01/14/2013,-2,-1,2,9,-1,10.0,10,-7,-1,2
01/15/2013,-3,-2,3,10,-2,-1.0,11,1,1,3
01/16/2013,1,-3,4,11,1,-2.0,-1,2,2,-1
01/17/2013,-1,-4,5,12,2,-3.0,1,3,3,-2
01/18/2013,-2,1,6,13,-1,-4.0,2,4,-1,-3
01/22/2013,1,2,-1,-1,-2,1.0,-1,5,-2,-4
01/23/2013,2,-1,1,-2,1,2.0,-2,6,1,-5
01/24/2013,-1,-2,2,1,-1,3.0,1,7,2,1
01/25/2013,-2,1,3,2,-2,4.0,2,8,3,2
01/28/2013,-3,2,4,3,-3,5.0,-1,9,4,3
01/29/2013,-4,-1,5,-1,-4,-1.0,-2,10,-1,-1
01/30/2013,-5,1,6,-2,-5,-2.0,1,11,-2,-2
01/31/2013,-6,2,-1,-3,1,-3.0,-1,12,-3,1
02/01/2013,-7,3,1,1,2,-4.0,-2,13,-4,2
02/04/2013,-8,-1,-1,2,3,-5.0,-3,-1,-5,-1
02/05/2013,1,-2,-2,3,4,-6.0,1,1,1,1
02/06/2013,2,-3,-3,4,5,-7.0,-1,2,2,2
02/07/2013,3,-4,-4,5,6,-8.0,-2,3,-1,3
02/08/2013,4,1,1,6,7,-9.0,-3,4,1,4
02/11/2013,5,-1,2,7,8,-10.0,-4,-1,2,5
02/12/2013,-1,1,3,-1,-1,-11.0,-5,-2,3,-1
02/13/2013,-2,-1,4,1,-2,-12.0,1,1,4,-2
02/14/2013,-3,-2,5,-1,-3,1.0,2,-1,5,1
02/15/2013,-4,-3,6,-2,-4,2.0,-1,-2,-1,-1
02/19/2013,-5,-4,7,1,-5,3.0,1,1,1,1
02/20/2013,-6,-5,-1,-1,-6,-1.0,-1,2,-1,-1
02/21/2013,-7,-6,-2,-2,-7,-2.0,-2,-1,-2,-2
02/22/2013,-8,1,-3,-3,-8,-3.0,-3,-2,-3,1
02/25/2013,-9,-1,-4,-4,-9,-4.0,-4,-3,-4,2
02/26/2013,1,-2,-5,-5,1,-5.0,-5,-4,-5,3
02/27/2013,-1,1,1,1,2,-6.0,1,-5,-6,4
02/28/2013,-2,2,2,2,3,1.0,2,-6,-7,-1
03/01/2013,-3,3,3,3,4,2.0,3,-7,-8,1
03/04/2013,-4,4,4,-1,5,3.0,4,1,-9,2
03/05/2013,-5,5,5,1,6,-1.0,5,2,-10,3
03/06/2013,-6,6,-1,2,-1,-2.0,6,3,-11,4
03/07/2013,1,7,1,3,1,1.0,7,4,1,5
03/08/2013,2,8,-1,4,-1,2.0,8,5,2,6
03/11/2013,3,9,-2,5,-2,3.0,-1,6,3,7
03/12/2013,-1,10,-3,-1,1,-1.0,1,7,4,8
03/13/2013,-2,11,-4,-2,-1,-2.0,2,8,5,-1
03/14/2013,1,-1,1,-3,-2,-3.0,-1,-1,6,1
03/15/2013,2,-2,2,1,-3,-4.0,-2,-2,-1,-1
03/18/2013,3,-3,3,-1,-4,-5.0,-3,-3,1,-2
03/19/2013,4,-4,4,-2,-5,-6.0,-4,-4,2,-3
03/20/2013,5,1,5,1,1,-7.0,-5,1,3,-4
03/21/2013,6,-1,-1,-1,-1,-8.0,-6,2,-1,-5
03/22/2013,7,1,1,-2,1,-9.0,1,3,-2,1
03/25/2013,8,-1,-1,-3,2,-10.0,-1,4,-3,-1
03/26/2013,9,1,-2,-4,3,-11.0,1,5,-4,-2
03/27/2013,-1,-1,1,-5,4,1.0,2,6,-5,-3
03/28/2013,-2,-2,2,1,5,-1.0,3,7,-6,-4
04/01/2013,-3,-3,3,-1,-1,-2.0,-1,8,-7,-5
04/02/2013,-4,1,4,1,-2,-3.0,1,9,-8,-6
04/03/2013,-5,2,-1,2,-3,1.0,-1,-1,-9,1
04/04/2013,-6,3,1,-1,-4,2.0,-2,1,-10,2
04/05/2013,-7,4,2,-2,-5,3.0,-3,-1,-11,3
04/08/2013,-8,5,-1,-3,1,4.0,1,1,1,4
04/09/2013,-9,-1,1,1,2,-1.0,2,-1,2,-1
04/10/2013,1,1,2,2,3,1.0,3,1,3,1
04/11/2013,2,2,-1,3,4,2.0,4,2,-1,-1
04/12/2013,-1,3,-2,4,5,-1.0,5,3,-2,-2
04/15/2013,-2,-1,-3,-1,-1,-2.0,-1,4,-3,-3
04/16/2013,-3,1,1,-2,-2,-3.0,1,5,-4,-4
04/17/2013,-4,-1,-1,-3,-3,-4.0,-1,6,-5,-5
04/18/2013,-5,-2,-2,-4,-4,-5.0,-2,7,1,-6
04/19/2013,-6,1,1,-5,-5,-6.0,-3,8,2,-7
04/22/2013,-7,2,2,-6,1,-7.0,1,9,-1,1
04/23/2013,1,3,3,1,2,-8.0,2,10,1,-1
04/24/2013,2,4,4,-1,3,1.0,3,11,2,1
04/25/2013,3,5,5,1,-1,2.0,4,12,3,-1
04/26/2013,4,6,6,2,-2,3.0,-1,13,4,1
04/29/2013,5,7,7,3,-3,4.0,-2,14,5,2
04/30/2013,6,8,8,4,-4,5.0,-3,15,6,-1
05/01/2013,7,-1,9,-1,-5,6.0,-4,16,7,-2
05/02/2013,8,1,10,1,1,7.0,-5,17,8,-3
05/03/2013,9,2,11,2,2,8.0,1,18,9,1
05/06/2013,10,3,12,3,3,-1.0,2,19,10,-1
05/07/2013,11,4,-1,-1,4,-2.0,3,-1,11,-2
05/08/2013,12,5,-2,1,5,-3.0,4,-2,12,1
05/09/2013,-1,6,-3,2,6,-4.0,5,1,13,-1
05/10/2013,-2,7,-4,3,7,-5.0,6,2,14,1
05/13/2013,-3,8,1,4,8,-6.0,7,3,15,2
05/14/2013,-4,9,2,5,9,1.0,8,4,16,3
05/15/2013,-5,10,3,6,10,-1.0,9,5,17,4
05/16/2013,-6,11,4,7,11,-2.0,-1,6,-1,-1
05/17/2013,-7,12,5,8,12,-3.0,1,7,1,-2
05/20/2013,1,13,6,9,13,-4.0,2,8,2,1
05/21/2013,2,14,7,10,-1,-5.0,3,-1,-1,2
05/22/2013,3,15,-1,-1,-2,-6.0,-1,-2,-2,-1
05/23/2013,4,-1,-2,-2,-3,-7.0,-2,1,-3,-2
05/24/2013,5,-2,-3,1,-4,-8.0,-3,2,1,-3
05/28/2013,-1,1,1,2,-5,-9.0,1,3,2,1
05/29/2013,1,-1,2,3,-6,-10.0,2,4,-1,2
05/30/2013,2,-2,3,4,-7,1.0,3,5,1,3
05/31/2013,3,-3,4,5,-8,2.0,4,-1,-1,-1
06/03/2013,4,1,5,6,-9,-1.0,-1,-2,-2,-2
06/04/2013,5,-1,-1,7,1,-2.0,-2,-3,1,-3
06/05/2013,-1,-2,-2,8,-1,-3.0,1,-4,-1,-4
06/06/2013,-2,1,-3,9,-2,-4.0,2,1,-2,-5
06/07/2013,-3,2,1,10,-3,1.0,3,2,-3,-6
06/10/2013,-4,3,2,-1,-4,2.0,4,3,1,-7
06/11/2013,-5,4,-1,-2,-5,3.0,-1,-1,-1,-8
06/12/2013,-6,-1,-2,-3,-6,-1.0,-2,1,-2,-9
06/13/2013,-7,1,-3,1,1,-2.0,1,2,1,-10
06/14/2013,-8,2,-4,-1,-1,-3.0,-1,3,-1,-11
06/17/2013,-9,3,1,1,1,1.0,1,4,1,1
06/18/2013,-10,4,2,2,2,2.0,2,5,2,2
06/19/2013,-11,5,-1,3,-1,3.0,-1,6,3,3
06/20/2013,-12,-1,-2,-1,-2,-1.0,-2,-1,-1,-1
06/21/2013,-13,-2,-3,-2,-3,1.0,-3,-2,1,-2
06/24/2013,-14,-3,-4,-3,-4,-1.0,-4,1,2,-3
06/25/2013,-15,-4,-5,-4,1,1.0,-5,2,3,1
06/26/2013,-16,1,1,1,2,-1.0,1,3,4,2
06/27/2013,-17,2,2,2,-1,1.0,2,4,-1,3
06/28/2013,-18,3,3,-1,-2,2.0,3,5,-2,-1
07/01/2013,1,4,-1,-2,-3,3.0,4,6,1,1
07/02/2013,2,5,-2,-3,-4,-1.0,5,7,-1,2
07/03/2013,3,6,-3,1,-5,-2.0,6,8,1,3
07/05/2013,4,7,1,2,-6,-3.0,7,9,2,4
07/08/2013,-1,8,2,3,-7,1.0,8,10,-1,-1
07/09/2013,1,9,3,4,-8,2.0,9,11,1,1
07/10/2013,2,10,4,5,1,3.0,10,12,-1,2
07/11/2013,3,11,5,6,2,4.0,11,13,1,3
07/12/2013,4,12,6,7,3,5.0,12,14,2,4
07/15/2013,5,13,7,8,4,6.0,13,15,3,5
07/16/2013,6,14,8,-1,5,7.0,14,-1,4,-1
07/17/2013,7,-1,-1,-2,6,8.0,15,1,5,-2
07/18/2013,8,-2,-2,1,-1,-1.0,-1,-1,6,-3
07/19/2013,-1,1,-3,2,-2,-2.0,1,1,-1,-4
07/22/2013,-2,2,-4,-1,1,-3.0,-1,2,-2,-5
07/23/2013,-3,-1,-5,-2,2,1.0,-2,3,-3,-6
07/24/2013,1,-2,-6,-3,-1,2.0,-3,4,-4,-7
07/25/2013,2,1,-7,-4,1,3.0,1,5,-5,1
07/26/2013,3,2,-8,-5,2,4.0,2,6,1,-1
07/29/2013,4,3,-9,-6,3,5.0,-1,7,-1,-2
07/30/2013,5,4,1,1,4,6.0,-2,8,1,-3
07/31/2013,6,-1,2,2,5,7.0,-3,9,-1,-4
08/01/2013,7,1,-1,3,6,8.0,1,10,1,-5
08/02/2013,8,2,1,4,7,9.0,2,11,2,-6
08/05/2013,9,3,-1,5,8,10.0,-1,12,3,-7
08/06/2013,10,-1,-2,6,-1,11.0,-2,13,-1,-8
08/07/2013,11,-2,1,7,-2,12.0,-3,-1,-2,-9
08/08/2013,-1,1,2,8,1,13.0,-4,1,-3,-10
08/09/2013,-2,-1,3,-1,2,14.0,-5,2,-4,1
08/12/2013,1,1,4,1,3,-1.0,-6,-1,-5,2
08/13/2013,2,-1,-1,2,4,-2.0,-7,-2,1,-1
08/14/2013,3,-2,-2,3,5,-3.0,-8,-3,2,1
08/15/2013,4,-3,-3,-1,6,-4.0,-9,-4,-1,-1
08/16/2013,5,-4,-4,-2,7,1.0,-10,-5,-2,-2
08/19/2013,6,-5,-5,-3,-1,2.0,-11,1,-3,-3
08/20/2013,7,-6,-6,-4,1,3.0,-12,2,-4,-4
08/21/2013,8,-7,-7,-5,-1,4.0,-13,3,-5,-5
08/22/2013,9,1,1,-6,1,5.0,1,4,-6,1
08/23/2013,-1,2,2,-7,2,6.0,2,5,1,2
08/26/2013,1,3,3,-8,-1,7.0,-1,6,-1,3
08/27/2013,-1,-1,-1,-9,-2,-1.0,-2,7,-2,-1
08/28/2013,-2,-2,-2,-10,-3,1.0,-3,8,-3,1
08/29/2013,-3,1,1,-11,1,2.0,1,9,-4,2
08/30/2013,-4,-1,2,-12,-1,3.0,-1,10,-5,-1
09/03/2013,-5,1,-1,1,1,4.0,1,11,-6,1
09/04/2013,1,2,-2,2,2,5.0,2,12,-7,2
09/05/2013,2,3,-3,3,3,6.0,3,13,1,3
09/06/2013,3,-1,-4,-1,4,7.0,4,-1,2,4
09/09/2013,4,1,1,1,5,8.0,5,-2,3,5
09/10/2013,-1,2,2,2,6,9.0,6,1,4,6
09/11/2013,-2,3,3,3,-1,10.0,7,-1,5,-1
09/12/2013,-3,4,4,4,1,11.0,8,1,6,1
09/13/2013,-4,5,5,5,-1,-1.0,-1,2,7,2
09/16/2013,-5,6,6,6,-2,-2.0,-2,3,8,3
09/17/2013,-6,7,7,7,1,1.0,1,4,9,4
09/18/2013,1,8,8,8,2,2.0,2,5,10,5
09/19/2013,2,9,9,9,3,3.0,3,6,11,6
09/20/2013,3,-1,-1,-1,-1,4.0,4,7,-1,7
09/23/2013,4,-2,-2,-2,-2,5.0,5,8,-2,8
09/24/2013,5,1,-3,-3,-3,6.0,6,9,-3,9
09/25/2013,6,2,-4,1,-4,7.0,7,10,1,10
09/26/2013,7,3,1,-1,1,8.0,8,11,2,-1
09/27/2013,-1,4,2,-2,-1,9.0,9,12,-1,1
09/30/2013,-2,5,3,-3,-2,10.0,-1,13,-2,-1
10/01/2013,1,6,4,-4,-3,11.0,1,14,1,1
10/02/2013,2,7,5,-5,-4,12.0,2,-1,2,2
10/03/2013,-1,-1,6,-6,-5,-1.0,-1,-2,3,-1
10/04/2013,-2,1,7,-7,1,1.0,1,-3,4,1
10/07/2013,1,-1,-1,-8,-1,2.0,-1,1,-1,-1
10/08/2013,-1,-2,-2,-9,-2,-1.0,-2,-1,-2,-2
10/09/2013,1,-3,-3,-10,-3,-2.0,-3,-2,-3,-3
10/10/2013,2,1,1,1,1,1.0,-4,-3,1,-4
10/11/2013,3,2,2,2,2,2.0,1,1,2,1
10/14/2013,4,3,3,3,3,3.0,2,2,3,-1
10/15/2013,5,-1,4,4,4,4.0,-1,3,4,-2
10/16/2013,6,1,5,-1,5,5.0,1,4,5,1
10/17/2013,7,2,6,-2,6,6.0,2,5,6,2
10/18/2013,8,3,7,-3,7,7.0,3,6,-1,3
10/21/2013,9,4,8,-4,8,8.0,4,-1,-2,4
10/22/2013,10,5,-1,-5,9,-1.0,5,-2,-3,-1
10/23/2013,11,6,-2,-6,-1,-2.0,6,-3,-4,-2
10/24/2013,12,-1,-3,-7,-2,1.0,7,1,-5,-3
10/25/2013,13,1,1,-8,1,-1.0,8,-1,1,1
10/28/2013,14,-1,2,1,2,-2.0,9,-2,2,2
10/29/2013,-1,1,3,2,3,-3.0,10,-3,3,-1
10/30/2013,1,2,4,3,4,-4.0,11,-4,-1,-2
10/31/2013,-1,3,5,-1,5,1.0,12,-5,1,-3
11/01/2013,-2,-1,6,-2,6,-1.0,-1,1,-1,-4
11/04/2013,1,-2,7,-3,7,-2.0,-2,2,1,1
11/05/2013,2,1,8,1,-1,1.0,-3,3,2,2
11/06/2013,-1,2,9,2,1,-1.0,-4,-1,-1,-1
11/07/2013,-2,-1,10,3,-1,-2.0,-5,-2,-2,-2
11/08/2013,1,1,11,4,-2,-3.0,-6,-3,-3,-3
11/11/2013,-1,2,12,5,-3,-4.0,1,-4,1,-4
11/12/2013,1,-1,-1,6,1,-5.0,-1,-5,2,1
11/13/2013,2,1,1,7,2,1.0,1,-6,3,2
11/14/2013,3,2,2,-1,3,2.0,2,-7,4,3
11/15/2013,4,3,3,-2,4,3.0,3,-8,5,4
11/18/2013,-1,-1,-1,-3,5,-1.0,4,-9,-1,-1
11/19/2013,-2,-2,-2,-4,6,-2.0,5,-10,-2,1
11/20/2013,-3,-3,-3,-5,-1,-3.0,-1,-11,-3,2
11/21/2013,1,1,1,-6,1,-4.0,1,-12,-4,3
11/22/2013,2,2,2,-7,2,-5.0,2,-13,-5,4
11/25/2013,3,-1,3,-8,3,-6.0,3,-14,1,5
11/26/2013,4,1,-1,-9,4,1.0,4,-15,2,6
11/27/2013,5,2,1,-10,5,2.0,5,1,3,7
11/29/2013,6,3,2,-11,6,3.0,6,2,4,-1
12/02/2013,7,-1,3,-12,7,4.0,7,-1,5,-2
12/03/2013,8,-2,4,1,-1,5.0,-1,1,6,-3
12/04/2013,9,-3,5,2,-2,6.0,-2,2,-1,-4
12/05/2013,10,-4,-1,-1,-3,7.0,-3,3,1,-5
12/06/2013,-1,-5,1,1,1,8.0,1,4,2,-6
12/09/2013,1,-6,2,2,-1,9.0,-1,5,3,-7
12/10/2013,2,-7,-1,3,-2,10.0,1,6,4,1
12/11/2013,-1,-8,-2,-1,-3,11.0,-1,-1,5,-1
12/12/2013,-2,-9,-3,-2,-4,12.0,-2,1,6,1
12/13/2013,-3,-10,-4,-3,-5,13.0,1,2,7,2
12/16/2013,-4,-11,-5,1,-6,14.0,2,3,-1,-1
12/17/2013,-5,-12,-6,2,1,15.0,3,4,1,1
12/18/2013,-6,1,-7,3,2,16.0,4,-1,2,-1
12/19/2013,-7,2,-8,4,-1,17.0,5,-2,3,-2
12/20/2013,-8,3,1,5,1,18.0,6,-3,4,-3
12/23/2013,1,4,-1,6,2,19.0,7,-4,5,1
12/24/2013,2,5,1,7,3,20.0,8,1,6,2
12/26/2013,3,6,2,8,4,21.0,9,2,7,-1
12/27/2013,-1,7,3,9,5,-1.0,-1,3,8,-2
12/30/2013,-2,8,4,10,6,-2.0,-2,4,9,-3
12/31/2013,1,-1,5,11,7,-3.0,1,-1,10,-4
01/02/2014,-1,-2,-1,-1,-1,-4.0,2,-2,11,1
01/03/2014,-2,-3,-2,-2,-2,-5.0,-1,-3,12,2
01/06/2014,-3,-4,-3,-3,-3,1.0,-2,-4,13,3
01/07/2014,-4,1,-4,1,1,2.0,1,1,14,4
01/08/2014,-5,2,-5,2,2,3.0,2,2,15,5
01/09/2014,-6,3,-6,-1,3,-1.0,3,-1,-1,6
01/10/2014,-7,4,1,1,4,1.0,-1,-2,1,7
01/13/2014,-8,-1,-1,2,-1,-1.0,-2,-3,-1,-1
01/14/2014,1,-2,1,3,-2,1.0,1,1,1,-2
01/15/2014,2,1,2,4,1,2.0,-1,2,2,-3
01/16/2014,3,-1,3,5,2,-1.0,-2,3,3,-4
01/17/2014,-1,-2,-1,6,3,-2.0,1,4,-1,-5
01/21/2014,1,-3,-2,7,4,1.0,2,5,-2,-6
01/22/2014,2,-4,-3,8,5,-1.0,3,6,-3,-7
01/23/2014,3,-5,-4,-1,6,-2.0,-1,7,-4,-8
01/24/2014,-1,1,1,-2,-1,-3.0,-2,-1,-5,-9
01/27/2014,1,-1,-1,-3,-2,-4.0,-3,-2,-6,-10
01/28/2014,-1,-2,1,-4,-3,1.0,1,1,-7,-11
01/29/2014,-2,-3,2,-5,-4,-1.0,-1,-1,-8,-12
01/30/2014,-3,-4,3,1,1,1.0,1,1,-9,1
01/31/2014,-4,-5,4,-1,2,2.0,-1,2,-10,2
02/03/2014,-5,-6,-1,-2,-1,3.0,-2,-1,-11,3
02/04/2014,1,-7,-2,1,-2,4.0,-3,1,-12,4
02/05/2014,2,-8,-3,2,-3,5.0,-4,-1,-13,5
02/06/2014,3,1,-4,3,1,6.0,1,1,1,6
02/07/2014,4,2,1,4,2,7.0,2,2,2,7
02/10/2014,5,3,2,5,3,8.0,3,3,3,8
02/11/2014,6,4,3,6,4,9.0,4,4,4,9
02/12/2014,7,5,4,7,5,10.0,-1,5,5,10
02/13/2014,8,6,5,-1,6,11.0,1,6,6,11
02/14/2014,9,7,6,1,7,12.0,2,7,7,12
02/18/2014,10,-1,7,-1,-1,13.0,-1,8,8,13
02/19/2014,-1,-2,8,-2,-2,14.0,-2,-1,9,14
02/20/2014,-2,-3,9,-3,1,15.0,-3,1,-1,15
02/21/2014,-3,-4,10,-4,-1,16.0,-4,2,-2,-1
02/24/2014,-4,-5,-1,-5,-2,17.0,1,3,1,-2
02/25/2014,-5,-6,-2,-6,-3,18.0,2,4,-1,1
02/26/2014,-6,-7,-3,-7,-4,-1.0,3,5,1,2
02/27/2014,1,1,1,-8,-5,-2.0,4,6,2,3
02/28/2014,2,-1,2,-9,1,-3.0,5,7,3,-1
03/03/2014,3,-2,-1,-10,-1,-4.0,6,8,-1,1
03/04/2014,4,1,1,1,1,1.0,7,9,1,2
03/05/2014,5,-1,2,2,2,2.0,8,10,2,3
03/06/2014,6,1,3,-1,3,3.0,9,11,3,4
03/07/2014,7,2,-1,-2,4,-1.0,10,-1,4,5
03/10/2014,8,3,-2,-3,5,1.0,11,-2,5,-1
03/11/2014,9,4,1,-4,-1,-1.0,-1,-3,6,1
03/12/2014,10,5,2,1,1,1.0,1,1,7,2
03/13/2014,-1,-1,-1,-1,-1,-1.0,2,-1,8,-1
03/14/2014,-2,-2,-2,-2,-2,-2.0,3,-2,-1,-2
03/17/2014,-3,-3,1,-3,1,-3.0,4,-3,-2,-3
03/18/2014,1,1,2,1,2,1.0,5,1,1,-4
03/19/2014,2,2,3,2,3,-1.0,-1,-1,2,-5
03/20/2014,-1,3,4,3,4,-2.0,-2,-2,3,-6
03/21/2014,1,4,5,-1,5,-3.0,-3,-3,4,-7
03/24/2014,2,-1,6,-2,6,-4.0,-4,-4,5,-8
03/25/2014,3,-2,7,1,7,-5.0,-5,-5,6,-9
03/26/2014,4,-3,-1,2,8,-6.0,-6,-6,7,-10
03/27/2014,-1,-4,-2,-1,9,-7.0,-7,-7,-1,-11
03/28/2014,-2,-5,1,1,10,-8.0,-8,-8,-2,-12
03/31/2014,-3,-6,2,2,11,-9.0,-9,-9,1,-13
04/01/2014,1,1,3,3,12,1.0,1,1,2,-14
04/02/2014,2,-1,4,4,13,2.0,2,2,3,-15
04/03/2014,-1,-2,-1,5,14,-1.0,-1,3,-1,-16
04/04/2014,-2,-3,-2,-1,-1,-2.0,-2,-1,-2,-17
04/07/2014,-3,-4,-3,1,-2,-3.0,-3,-2,-3,-18
04/08/2014,-4,-5,-4,2,1,-4.0,1,1,1,1
04/09/2014,1,1,1,3,2,1.0,2,2,2,2
04/10/2014,-1,-1,-1,-1,-1,-1.0,-1,-1,-1,-1
04/11/2014,-2,-2,-2,-2,-2,-2.0,-2,-2,-2,-2
04/14/2014,-3,-3,-3,1,1,-3.0,-3,-3,-3,-3
04/15/2014,-4,-4,1,2,2,1.0,-4,-4,1,-4
04/16/2014,-5,1,2,3,3,2.0,1,-5,-1,1
04/17/2014,1,2,3,4,4,-1.0,2,-6,-2,2
04/21/2014,2,3,-1,5,5,1.0,3,1,1,3
04/22/2014,3,4,1,6,6,2.0,4,2,2,4
04/23/2014,-1,-1,-1,7,7,3.0,-1,-1,3,5
04/24/2014,1,1,1,-1,-1,-1.0,1,-2,4,-1
04/25/2014,2,2,2,-2,-2,-2.0,-1,-3,-1,-2
04/28/2014,3,-1,3,-3,-3,-3.0,-2,-4,-2,-3
04/29/2014,4,-2,4,1,1,-4.0,-3,1,-3,-4
04/30/2014,5,-3,5,-1,2,1.0,-4,2,1,-5
05/01/2014,6,1,-1,-2,3,2.0,1,3,2,-6
05/02/2014,7,-1,-2,-3,4,3.0,2,4,3,-7
05/05/2014,8,1,-3,-4,5,4.0,3,5,-1,-8
05/06/2014,9,-1,-4,-5,6,-1.0,-1,-1,-2,-9
05/07/2014,-1,-2,-5,-6,7,-2.0,-2,-2,-3,-10
05/08/2014,-2,-3,1,1,8,-3.0,-3,-3,-4,-11
05/09/2014,-3,1,2,2,9,-4.0,-4,-4,-5,-12
05/12/2014,1,2,3,3,10,1.0,1,-5,1,1
05/13/2014,2,3,4,-1,11,2.0,2,1,2,2
05/14/2014,3,-1,5,-2,12,3.0,-1,2,-1,-1
05/15/2014,-1,-2,-1,1,-1,-1.0,-2,-1,-2,-2
05/16/2014,1,1,-2,2,-2,-2.0,1,1,1,-3
05/19/2014,2,2,-3,3,1,1.0,-1,2,2,1
05/20/2014,3,-1,-4,4,2,-1.0,1,3,3,-1
05/21/2014,4,-2,1,5,-1,1.0,2,4,4,-2
05/22/2014,5,1,2,6,-2,2.0,3,5,-1,-3
05/23/2014,6,2,3,7,1,3.0,4,6,-2,-4
05/27/2014,7,3,4,8,2,4.0,5,7,1,1
05/28/2014,8,4,-1,9,3,5.0,6,8,-1,2
05/29/2014,9,5,1,10,4,6.0,7,9,1,3
05/30/2014,10,6,2,-1,5,7.0,8,-1,-1,4
06/02/2014,11,7,3,1,6,-1.0,-1,-2,-2,-1
06/03/2014,12,8,-1,-1,7,-2.0,-2,-3,-3,-2
06/04/2014,13,9,-2,-2,-1,1.0,-3,-4,1,-3
06/05/2014,14,10,1,1,-2,2.0,1,1,2,-4
06/06/2014,15,11,2,2,1,-1.0,2,2,3,-5
06/09/2014,16,12,3,3,-1,-2.0,3,-1,4,-6
06/10/2014,17,-1,-1,4,-2,1.0,4,-2,5,1
06/11/2014,18,1,-2,5,-3,2.0,5,-3,6,2
06/12/2014,-1,-1,-3,-1,-4,-1.0,-1,-4,7,-1
06/13/2014,-2,1,1,-2,-5,-2.0,-2,1,8,-2
06/16/2014,-3,2,2,-3,-6,-3.0,1,2,9,-3
06/17/2014,-4,3,3,-4,1,1.0,-1,3,10,1
06/18/2014,-5,4,4,1,2,2.0,1,4,11,-1
06/19/2014,-6,5,5,2,3,-1.0,-1,5,-1,-2
06/20/2014,-7,6,6,3,4,-2.0,-2,6,-2,-3
06/23/2014,-8,7,7,-1,-1,1.0,1,7,-3,1
06/24/2014,-9,8,8,-2,-2,2.0,-1,8,-4,-1
06/25/2014,-10,9,9,1,-3,3.0,1,9,-5,1
06/26/2014,1,10,-1,-1,1,4.0,-1,10,1,2
06/27/2014,2,11,1,1,2,5.0,-2,11,2,3
06/30/2014,3,-1,-1,2,3,6.0,-3,12,3,4
07/01/2014,4,1,1,3,4,7.0,1,13,4,5
07/02/2014,5,2,2,4,5,-1.0,2,-1,5,-1
07/03/2014,6,3,-1,5,6,-2.0,3,-2,6,-2
07/07/2014,7,4,1,6,7,-3.0,4,-3,7,-3
07/08/2014,8,5,-1,-1,8,-4.0,-1,-4,-1,-4
07/09/2014,9,6,-2,1,9,1.0,1,-5,-2,-5
07/10/2014,10,-1,-3,2,-1,2.0,-1,-6,1,1
07/11/2014,11,-2,1,3,-2,3.0,1,-7,2,2
07/14/2014,12,-3,2,4,-3,4.0,2,1,3,3
07/15/2014,-1,1,3,5,-4,5.0,3,-1,4,-1
07/16/2014,-2,-1,4,6,-5,6.0,4,-2,5,-2
07/17/2014,-3,-2,5,-1,-6,-1.0,5,-3,6,-3
07/18/2014,1,-3,6,1,1,1.0,6,1,-1,-4
07/21/2014,-1,-4,7,2,2,2.0,7,2,-2,1
07/22/2014,1,1,8,3,3,3.0,8,3,-3,-1
07/23/2014,2,2,9,-1,4,4.0,-1,4,-4,-2
07/24/2014,3,3,-1,1,-1,5.0,1,5,-5,-3
07/25/2014,4,-1,-2,2,-2,6.0,-1,6,-6,-4
07/28/2014,5,-2,-3,3,-3,7.0,-2,7,-7,-5
07/29/2014,6,-3,-4,-1,-4,-1.0,-3,8,1,-6
07/30/2014,7,1,-5,-2,-5,1.0,-4,9,2,-7
07/31/2014,-1,-1,-6,-3,-6,-1.0,-5,-1,3,-8
08/01/2014,-2,-2,-7,-4,-7,-2.0,-6,1,4,-9
08/04/2014,-3,-3,1,-5,-8,1.0,-7,2,5,-10
08/05/2014,-4,-4,-1,-6,-9,-1.0,-8,3,6,-11
08/06/2014,-5,-5,-2,-7,-10,-2.0,1,4,7,-12
08/07/2014,-6,-6,1,-8,-11,1.0,-1,5,8,1
08/08/2014,-7,1,2,1,1,2.0,1,6,9,2
08/11/2014,1,2,3,2,2,3.0,2,7,10,-1
08/12/2014,2,3,4,3,3,-1.0,3,8,-1,-2
08/13/2014,3,-1,5,4,4,1.0,4,9,1,-3
08/14/2014,4,-2,6,-1,5,2.0,5,10,-1,1
08/15/2014,5,-3,7,-2,-1,-1.0,6,11,1,2
08/18/2014,6,1,8,-3,1,1.0,7,-1,2,3
08/19/2014,7,2,9,-4,2,2.0,8,-2,3,4
08/20/2014,8,3,10,1,3,3.0,9,-3,4,5
08/21/2014,9,-1,11,2,4,-1.0,-1,-4,5,6
08/22/2014,10,-2,12,-1,5,-2.0,-2,1,6,7
08/25/2014,11,1,13,-2,6,1.0,1,2,-1,-1
08/26/2014,-1,2,-1,1,7,2.0,2,3,-2,-2
08/27/2014,1,3,-2,2,8,-1.0,3,4,-3,-3
08/28/2014,2,4,-3,3,-1,-2.0,4,5,-4,-4
08/29/2014,3,5,1,4,-2,1.0,-1,6,1,-5
09/02/2014,4,-1,-1,5,-3,2.0,1,7,-1,1
09/03/2014,-1,-2,-2,6,-4,3.0,-1,8,1,2
09/04/2014,-2,-3,1,-1,-5,4.0,1,9,-1,3
09/05/2014,-3,1,2,1,1,5.0,2,-1,-2,4
09/08/2014,-4,2,3,-1,2,6.0,-1,1,-3,-1
09/09/2014,-5,-1,4,-2,3,-1.0,-2,-1,-4,-2
09/10/2014,1,-2,5,1,4,1.0,-3,1,-5,-3
09/11/2014,2,-3,6,2,5,2.0,-4,2,-6,-4
09/12/2014,3,-4,7,3,-1,3.0,-5,-1,-7,-5
09/15/2014,4,-5,-1,-1,-2,-1.0,-6,-2,-8,-6
09/16/2014,-1,-6,1,1,1,-2.0,-7,-3,-9,1
09/17/2014,1,-7,-1,2,2,1.0,-8,-4,-10,2
09/18/2014,2,1,1,3,3,2.0,-9,-5,1,3
09/19/2014,-1,2,2,4,-1,3.0,1,-6,-1,4
09/22/2014,-2,-1,3,-1,1,-1.0,-1,-7,-2,-1
09/23/2014,1,-2,-1,-2,-1,1.0,-2,-8,-3,-2
09/24/2014,-1,1,1,1,1,2.0,1,-9,-4,-3
09/25/2014,-2,-1,-1,-1,-1,-1.0,-1,-10,-5,-4
09/26/2014,1,1,-2,1,-2,1.0,-2,-11,-6,-5
09/29/2014,-1,2,-3,2,-3,2.0,-3,-12,-7,-6
09/30/2014,1,3,-4,3,-4,3.0,-4,-13,-8,-7
10/01/2014,-1,-1,-5,-1,-5,-1.0,-5,-14,-9,-8
10/02/2014,-2,-2,-6,1,-6,-2.0,-6,1,-10,-9
10/03/2014,-3,1,1,2,1,-3.0,1,2,-11,-10
10/06/2014,-4,-1,2,-1,2,1.0,2,3,-12,-11
10/07/2014,-5,-2,-1,-2,-1,-1.0,-1,4,-13,-12
10/08/2014,1,1,1,-3,1,1.0,1,5,-14,-13
10/09/2014,2,-1,-1,-4,-1,-1.0,-1,-1,-15,-14
10/10/2014,3,-2,-2,-5,-2,-2.0,-2,-2,-16,-15
10/13/2014,-1,-3,-3,-6,-3,-3.0,-3,-3,-17,-16
10/14/2014,-2,-4,-4,-7,-4,-4.0,-4,-4,-18,-17
10/15/2014,-3,-5,-5,-8,-5,-5.0,-5,-5,-19,-18
10/16/2014,-4,-6,-6,-9,-6,-6.0,-6,-6,-20,-19
10/17/2014,-5,1,1,1,1,1.0,-7,-7,1,-20
10/20/2014,1,2,2,-1,2,2.0,1,1,-1,-21
10/21/2014,2,3,3,1,3,3.0,2,2,1,1
10/22/2014,3,4,4,2,4,4.0,3,-1,-1,-1
10/23/2014,4,5,5,3,5,5.0,4,1,1,1
10/24/2014,5,6,6,4,6,6.0,-1,2,-1,2
10/27/2014,6,7,7,5,7,7.0,-2,-1,-2,3
10/28/2014,7,8,8,6,8,8.0,-3,1,1,4
10/29/2014,8,9,9,7,9,-1.0,-4,2,2,-1
10/30/2014,9,10,-1,8,10,-2.0,1,3,3,1
10/31/2014,10,-1,1,9,11,-3.0,2,4,4,2
11/03/2014,11,-2,2,10,12,-4.0,3,5,5,3
11/04/2014,12,1,3,11,-1,1.0,4,-1,6,-1
11/05/2014,13,2,4,12,-2,-1.0,-1,-2,-1,-2
11/06/2014,14,3,5,13,-3,1.0,-2,1,-2,-3
11/07/2014,15,4,6,14,-4,2.0,1,2,-3,1
11/10/2014,16,5,7,15,-5,-1.0,2,3,-4,2
11/11/2014,17,6,8,16,-6,-2.0,3,4,-5,3
11/12/2014,18,7,9,-1,-7,-3.0,4,5,-6,4
11/13/2014,19,8,10,1,1,-4.0,5,6,-7,5
11/14/2014,20,9,11,2,2,1.0,6,7,-8,6
11/17/2014,21,-1,12,3,-1,-1.0,7,8,1,7
11/18/2014,22,-2,-1,4,1,-2.0,8,9,-1,-1
11/19/2014,23,1,-2,5,-1,-3.0,9,-1,-2,-2
11/20/2014,24,2,-3,6,-2,-4.0,10,-2,1,-3
11/21/2014,25,3,-4,7,1,-5.0,11,-3,2,-4
11/24/2014,26,4,-5,8,2,1.0,12,-4,3,-5
11/25/2014,27,5,-6,9,3,2.0,13,1,4,-6
11/26/2014,28,-1,-7,10,4,3.0,14,2,5,-7
11/28/2014,29,1,1,11,5,4.0,15,-1,-1,-8
12/01/2014,-1,2,2,12,-1,-1.0,-1,-2,-2,-9
12/02/2014,-2,-1,3,13,1,-2.0,-2,-3,-3,-10
12/03/2014,-3,1,-1,14,2,-3.0,-3,-4,1,-11
12/04/2014,-4,2,1,15,3,-4.0,-4,-5,-1,-12
12/05/2014,-5,3,-1,-1,4,1.0,-5,-6,-2,-13
12/08/2014,-6,4,-2,-2,-1,2.0,-6,-7,-3,-14
12/09/2014,-7,5,-3,-3,-2,3.0,-7,-8,-4,1
12/10/2014,-8,-1,-4,-4,-3,-1.0,-8,-9,-5,-1
12/11/2014,-9,1,-5,-5,-4,1.0,-9,-10,-6,-2
12/12/2014,-10,2,-6,-6,-5,2.0,-10,-11,-7,-3
12/15/2014,-11,-1,-7,-7,-6,-1.0,-11,-12,-8,-4
12/16/2014,-12,-2,-8,-8,-7,-2.0,-12,-13,-9,-5
12/17/2014,1,-3,-9,1,1,-3.0,-13,1,1,-6
12/18/2014,2,-4,1,2,2,1.0,-14,2,2,1
12/19/2014,3,-5,2,3,3,2.0,1,3,3,2
12/22/2014,4,1,3,4,4,3.0,2,4,4,3
12/23/2014,5,2,4,5,5,4.0,3,5,5,4
12/24/2014,-1,3,5,6,6,5.0,-1,6,6,5
12/26/2014,1,4,-1,7,7,6.0,1,7,7,-1
12/29/2014,2,5,-2,8,8,-1.0,2,8,8,1
12/30/2014,-1,6,-3,9,9,-2.0,3,-1,-1,2
12/31/2014,-2,7,-4,-1,-1,-3.0,4,-2,1,-1
01/02/2015,-3,-1,-5,-2,-2,-4.0,-1,-3,2,1
01/05/2015,-4,-2,-6,-3,-3,-5.0,-2,-4,-1,2
01/06/2015,-5,-3,-7,-4,-4,-6.0,-3,-5,-2,-1
01/07/2015,-6,1,-8,-5,1,-7.0,-4,-6,-3,-2
01/08/2015,1,2,1,1,2,1.0,-5,-7,-4,-3
01/09/2015,2,-1,2,2,3,2.0,-6,-8,1,-4
01/12/2015,-1,-2,-1,3,-1,-1.0,-7,-9,2,-5
01/13/2015,1,1,-2,4,-2,-2.0,-8,-10,3,-6
01/14/2015,-1,-1,-3,5,-3,-3.0,-9,-11,-1,-7
01/15/2015,-2,-2,-4,-1,-4,-4.0,-10,-12,-2,-8
01/16/2015,-3,1,1,-2,-5,-5.0,-11,-13,-3,1
01/20/2015,1,2,2,1,1,1.0,-12,-14,-4,2
01/21/2015,2,3,-1,-1,-1,2.0,1,1,1,-1
01/22/2015,3,4,1,1,-2,3.0,2,2,2,1
01/23/2015,4,5,2,2,1,4.0,3,3,3,2
01/26/2015,5,6,3,-1,2,5.0,4,4,4,3
01/27/2015,-1,7,-1,-2,-1,-1.0,-1,5,5,-1
01/28/2015,1,8,-2,-3,-2,-2.0,-2,-1,6,-2
01/29/2015,2,9,-3,-4,-3,1.0,1,1,7,-3
01/30/2015,3,-1,-4,-5,-4,-1.0,2,2,-1,-4
02/02/2015,4,1,-5,-6,-5,-2.0,3,3,1,-5
02/03/2015,5,2,-6,1,1,-3.0,4,4,2,1
02/04/2015,6,3,1,-1,2,-4.0,5,5,3,-1
02/05/2015,7,4,2,1,3,-5.0,6,6,4,1
02/06/2015,-1,5,3,2,-1,-6.0,7,7,5,2
02/09/2015,1,-1,4,3,1,-7.0,8,8,6,3
02/10/2015,2,1,5,4,2,1.0,9,-1,7,4
02/11/2015,3,2,-1,-1,3,2.0,10,-2,8,5
02/12/2015,4,3,1,1,4,3.0,11,-3,9,-1
02/13/2015,5,4,2,2,5,-1.0,12,-4,10,-2
02/17/2015,6,5,3,3,6,-2.0,-1,-5,11,-3
02/18/2015,7,6,4,4,7,1.0,-2,-6,-1,-4
02/19/2015,8,7,5,5,8,2.0,1,1,-2,-5
02/20/2015,9,8,6,6,9,3.0,2,2,-3,-6
02/23/2015,10,9,7,7,-1,4.0,3,-1,-4,-7
02/24/2015,11,10,8,8,1,-1.0,-1,-2,1,-8
02/25/2015,-1,11,9,-1,2,1.0,1,-3,2,1
02/26/2015,1,12,10,1,3,2.0,2,1,-1,-1
02/27/2015,-1,-1,-1,-1,4,-1.0,-1,-1,1,-2
03/02/2015,-2,1,-2,1,5,1.0,1,-2,2,1
03/03/2015,1,2,-3,-1,-1,2.0,2,-3,-1,2
03/04/2015,-1,-1,-4,-2,-2,3.0,-1,1,-2,3
03/05/2015,-2,1,-5,-3,-3,4.0,1,-1,-3,4
03/06/2015,-3,-1,-6,-4,1,-1.0,-1,-2,-4,5
03/09/2015,-4,-2,-7,1,2,-2.0,-2,-3,-5,6
03/10/2015,-5,-3,-8,-1,-1,-3.0,-3,-4,-6,7
03/11/2015,-6,-4,-9,-2,-2,-4.0,-4,1,-7,8
03/12/2015,-7,1,-10,-3,-3,1.0,1,-1,-8,9
03/13/2015,-8,2,-11,-4,-4,-1.0,-1,-2,-9,-1
03/16/2015,1,3,-12,1,1,-2.0,1,1,-10,-2
03/17/2015,2,4,1,-1,-1,1.0,-1,2,-11,1
03/18/2015,3,5,2,-2,1,2.0,1,3,-12,2
03/19/2015,4,6,3,1,-1,3.0,-1,-1,-13,3
03/20/2015,-1,7,4,2,1,4.0,1,1,1,4
03/23/2015,1,8,5,3,2,5.0,-1,2,2,5
03/24/2015,-1,9,6,-1,-1,6.0,-2,3,-1,6
03/25/2015,-2,-1,-1,-2,-2,-1.0,-3,-1,-2,7
03/26/2015,-3,-2,-2,-3,-3,-2.0,-4,-2,-3,-1
03/27/2015,-4,-3,-3,-4,-4,-3.0,-5,-3,1,1
03/30/2015,1,1,-4,1,1,-4.0,1,-4,-1,2
03/31/2015,-1,-1,-5,2,2,-5.0,-1,-5,-2,3
04/01/2015,-2,-2,-6,-1,3,-6.0,-2,-6,-3,-1
04/02/2015,1,-3,-7,-2,-1,-7.0,1,1,-4,-2
04/06/2015,2,1,1,-3,-2,1.0,2,2,1,-3
04/07/2015,3,-1,2,1,-3,2.0,3,3,2,1
04/08/2015,-1,1,3,2,-4,3.0,4,4,3,2
04/09/2015,1,2,4,3,1,-1.0,5,5,4,-1
04/10/2015,2,3,5,4,2,-2.0,6,6,5,-2
04/13/2015,3,4,6,5,3,1.0,7,7,6,-3
04/14/2015,-1,5,7,-1,4,2.0,8,-1,-1,-4
04/15/2015,1,-1,8,1,-1,-1.0,9,-2,-2,-5
04/16/2015,-1,1,9,2,-2,-2.0,10,-3,1,-6
04/17/2015,-2,-1,-1,-1,-3,-3.0,-1,-4,-1,-7
04/20/2015,1,1,1,1,1,1.0,1,-5,-2,-8
04/21/2015,2,2,2,2,2,2.0,2,1,-3,1
04/22/2015,3,3,3,3,3,3.0,3,2,-4,2
04/23/2015,4,4,4,4,-1,-1.0,4,3,-5,3
04/24/2015,5,5,5,5,-2,-2.0,5,4,-6,4
04/27/2015,6,6,6,6,1,-3.0,6,5,-7,-1
04/28/2015,7,7,7,7,2,-4.0,7,6,-8,-2
04/29/2015,-1,8,8,8,-1,-5.0,8,7,-9,-3
04/30/2015,-2,-1,9,-1,-2,-6.0,-1,-1,-10,-4
05/01/2015,1,1,10,1,-3,-7.0,-2,-2,1,1
05/04/2015,2,2,-1,2,1,-8.0,-3,1,2,2
05/05/2015,-1,-1,-2,-1,-1,-9.0,-4,2,-1,3
05/06/2015,-2,-2,-3,-2,-2,-10.0,-5,3,-2,4
05/07/2015,-3,-3,-4,-3,1,1.0,1,4,1,5
05/08/2015,1,1,1,1,2,2.0,2,5,2,6
05/11/2015,-1,-1,2,2,3,-1.0,3,6,3,7
05/12/2015,-2,1,-1,3,-1,-2.0,4,7,4,8
05/13/2015,-3,-1,1,4,1,1.0,-1,8,5,9
05/14/2015,1,1,2,-1,2,2.0,1,9,-1,10
05/15/2015,2,2,3,1,3,3.0,-1,10,-2,11
05/18/2015,3,3,-1,2,4,4.0,-2,11,1,-1
05/19/2015,4,4,-2,3,-1,5.0,-3,12,-1,1
05/20/2015,5,5,-3,4,-2,6.0,-4,-1,1,-1
05/21/2015,6,6,-4,-1,1,7.0,1,-2,-1,-2
05/22/2015,7,7,-5,-2,-1,8.0,2,1,-2,-3
05/26/2015,-1,-1,-6,-3,-2,-1.0,-1,2,-3,-4
05/27/2015,1,1,1,1,1,1.0,1,3,1,-5
05/28/2015,2,2,2,2,2,-1.0,-1,4,-1,1
05/29/2015,-1,3,-1,3,-1,-2.0,1,5,1,2
06/01/2015,-2,4,1,-1,-2,1.0,2,-1,-1,3
06/02/2015,-3,-1,-1,-2,-3,2.0,3,-2,1,4
06/03/2015,-4,1,-2,-3,1,3.0,4,-3,2,5
06/04/2015,-5,-1,-3,-4,-1,4.0,-1,-4,3,6
06/05/2015,-6,1,-4,-5,-2,5.0,-2,1,4,7
06/08/2015,-7,-1,-5,-6,-3,-1.0,-3,2,-1,-1
06/09/2015,-8,-2,-6,-7,-4,-2.0,-4,3,-2,-2
06/10/2015,1,1,1,1,-5,1.0,1,-1,1,1
06/11/2015,2,2,2,2,1,2.0,2,-2,2,-1
06/12/2015,-1,3,-1,-1,-1,-1.0,-1,-3,-1,1
06/15/2015,-2,-1,-2,-2,-2,-2.0,-2,-4,1,-1
06/16/2015,1,1,-3,1,-3,-3.0,-3,1,2,-2
06/17/2015,-1,2,1,2,-4,1.0,1,2,3,-3
06/18/2015,1,3,2,3,1,2.0,2,3,4,1
06/19/2015,-1,4,-1,4,-1,3.0,3,4,5,2
06/22/2015,1,5,1,-1,1,4.0,4,5,6,-1
06/23/2015,-1,6,-1,-2,-1,5.0,5,6,7,-2
06/24/2015,1,-1,-2,-3,-2,6.0,6,7,8,1
06/25/2015,-1,1,-3,-4,-3,7.0,7,8,-1,2
06/26/2015,-2,2,-4,-5,-4,8.0,-1,9,-2,-1
06/29/2015,-3,-1,-5,-6,-5,-1.0,-2,-1,-3,-2
06/30/2015,-4,-2,-6,-7,-6,-2.0,-3,1,-4,-3
07/01/2015,1,1,-7,-8,-7,1.0,1,2,-5,-4
07/02/2015,2,2,-8,-9,-8,2.0,2,3,1,-5
07/06/2015,-1,3,-9,-10,-9,3.0,-1,4,2,-6
07/07/2015,-2,4,-10,-11,-10,4.0,1,-1,-1,1
07/08/2015,-3,-1,-11,-12,-11,-1.0,-1,-2,-2,-1
07/09/2015,-4,1,1,-13,-12,-2.0,1,-3,-3,-2
07/10/2015,1,2,2,1,1,1.0,2,-4,-4,-3
07/13/2015,2,3,3,2,2,2.0,3,1,-5,-4
07/14/2015,3,4,4,3,3,3.0,4,2,1,1
07/15/2015,4,5,5,4,4,4.0,5,-1,-1,-1
07/16/2015,5,6,6,5,5,5.0,6,1,-2,1
07/17/2015,6,7,7,6,6,6.0,7,2,-3,-1
07/20/2015,7,8,8,-1,-1,7.0,8,3,-4,-2
07/21/2015,8,9,9,-2,1,8.0,9,-1,-5,-3
07/22/2015,-1,10,-1,-3,-1,9.0,10,-2,-6,-4
07/23/2015,-2,11,-2,1,-2,-1.0,-1,-3,-7,-5
07/24/2015,-3,12,-3,2,-3,1.0,1,-4,-8,-6
07/27/2015,-4,13,-4,3,-4,-1.0,2,-5,-9,-7
07/28/2015,-5,14,-5,4,1,-2.0,3,1,1,-8
07/29/2015,-6,15,1,5,2,1.0,4,2,2,-9
07/30/2015,-7,16,2,6,3,-1.0,5,3,3,-10
07/31/2015,-8,17,3,7,4,-2.0,6,4,4,-11
08/03/2015,-9,18,4,8,5,-3.0,7,-1,5,-12
08/04/2015,-10,19,5,-1,-1,-4.0,-1,1,6,-13
08/05/2015,-11,20,6,1,1,1.0,1,2,7,1
08/06/2015,-12,-1,-1,-1,-1,-1.0,-1,-1,8,-1
08/07/2015,-13,-2,-2,-2,-2,-2.0,-2,-2,-1,1
08/10/2015,1,-3,1,1,-3,-3.0,-3,-3,-2,2
08/11/2015,-1,-4,-1,-1,-4,-4.0,1,-4,-3,3
08/12/2015,-2,-5,-2,-2,-5,1.0,-1,-5,-4,4
08/13/2015,-3,1,-3,1,-6,-1.0,1,1,-5,5
08/14/2015,1,2,1,2,-7,1.0,2,2,-6,6
08/17/2015,2,3,2,3,-8,-1.0,3,3,-7,-1
08/18/2015,3,4,3,-1,-9,1.0,4,4,-8,-2
08/19/2015,-1,5,-1,-2,-10,2.0,-1,5,-9,-3
08/20/2015,-2,-1,-2,-3,-11,-1.0,-2,-1,-10,-4
08/21/2015,-3,-2,-3,-4,-12,-2.0,-3,-2,1,-5
08/24/2015,-4,-3,-4,-5,-13,-3.0,-4,-3,-1,-6
08/25/2015,-5,-4,-5,-6,-14,-4.0,-5,-4,-2,-7
08/26/2015,1,1,1,-7,1,1.0,1,-5,-3,-8
08/27/2015,2,2,2,1,2,2.0,2,1,1,-9
08/28/2015,3,3,3,2,3,3.0,3,2,2,1
08/31/2015,4,-1,4,-1,-1,4.0,4,3,3,2
09/01/2015,-1,-2,-1,-2,-2,-1.0,-1,-1,-1,3
09/02/2015,1,1,1,1,-3,1.0,1,1,1,4
09/03/2015,-1,2,2,2,-4,-1.0,-1,2,2,5
09/04/2015,-2,-1,-1,-1,-5,-2.0,-2,-1,3,-1
09/08/2015,1,1,1,1,-6,1.0,1,1,4,-2
09/09/2015,-1,-1,-1,2,-7,2.0,2,2,5,1
09/10/2015,1,1,1,3,1,3.0,3,3,6,-1
09/11/2015,2,2,2,-1,-1,4.0,4,4,7,-2
09/14/2015,3,3,-1,-2,-2,5.0,-1,5,-1,1
09/15/2015,4,4,1,1,1,6.0,1,6,-2,2
09/16/2015,5,5,2,2,2,7.0,2,7,1,3
09/17/2015,-1,6,3,-1,3,8.0,3,8,2,-1
09/18/2015,-2,-1,-1,-2,-1,9.0,4,9,-1,1
09/21/2015,1,1,1,-3,-2,10.0,5,10,-2,-1
09/22/2015,-1,-1,-1,-4,-3,-1.0,-1,-1,-3,-2
09/23/2015,1,1,-2,-5,-4,1.0,-2,-2,-4,-3
09/24/2015,2,2,1,1,-5,2.0,-3,1,-5,-4
09/25/2015,3,3,2,2,-6,-1.0,-4,-1,-6,-5
09/28/2015,-1,-1,-1,3,-7,-2.0,-5,-2,-7,-6
09/29/2015,-2,-2,-2,-1,-8,-3.0,-6,-3,-8,-7
09/30/2015,-3,1,1,1,1,1.0,1,-4,1,-8
10/01/2015,-4,2,2,-1,-1,2.0,2,-5,2,-9
10/02/2015,-5,3,3,-2,1,3.0,3,1,3,1
10/05/2015,1,4,4,1,2,4.0,4,-1,4,2
10/06/2015,2,5,5,2,3,5.0,5,-2,5,3
10/07/2015,-1,6,6,3,4,-1.0,6,-3,6,4
10/08/2015,-2,7,7,4,5,1.0,-1,-4,7,5
10/09/2015,1,8,8,5,6,2.0,1,-5,8,6
10/12/2015,2,9,9,6,7,3.0,2,-6,-1,7
10/13/2015,3,10,-1,7,8,4.0,3,-7,1,8
10/14/2015,-1,-1,-2,8,9,5.0,-1,-8,2,9
10/15/2015,1,1,1,9,10,6.0,1,1,3,10
10/16/2015,-1,2,2,10,11,7.0,2,2,-1,-1
10/19/2015,1,3,3,11,12,8.0,3,3,1,-2
10/20/2015,2,4,4,12,-1,9.0,-1,-1,2,-3
10/21/2015,3,5,-1,-1,-2,10.0,-2,-2,3,-4
10/22/2015,4,6,1,1,1,11.0,1,-3,4,1
10/23/2015,5,7,2,2,2,12.0,2,-4,5,2
10/26/2015,-1,8,3,3,-1,13.0,3,1,6,-1
10/27/2015,-2,9,4,4,-2,14.0,4,-1,7,-2
10/28/2015,1,10,5,5,1,15.0,5,1,8,1
10/29/2015,2,-1,6,6,2,16.0,6,-1,-1,-1
10/30/2015,3,-2,-1,-1,-1,-1.0,7,-2,-2,-2
11/02/2015,4,-3,1,-2,1,1.0,8,1,1,1
11/03/2015,5,1,2,-3,2,-1.0,9,-1,2,2
11/04/2015,6,-1,3,-4,-1,1.0,10,1,-1,3
11/05/2015,-1,-2,4,-5,-2,2.0,11,2,-2,4
11/06/2015,-2,-3,5,-6,-3,3.0,12,3,-3,5
11/09/2015,-3,-4,-1,-7,-4,4.0,13,-1,-4,-1
11/10/2015,-4,1,-2,-8,-5,5.0,14,-2,-5,-2
11/11/2015,-5,-1,-3,-9,-6,6.0,15,-3,-6,1
11/12/2015,-6,-2,-4,-10,-7,7.0,16,-4,-7,-1
11/13/2015,-7,-3,-5,-11,-8,-1.0,-1,-5,-8,-2
11/16/2015,-8,-4,1,-12,1,-2.0,-2,1,-9,-3
11/17/2015,-9,-5,-1,-13,2,-3.0,-3,2,-10,-4
11/18/2015,1,1,1,1,-1,1.0,1,3,1,1
11/19/2015,2,2,2,2,-2,-1.0,2,4,2,2
11/20/2015,3,3,3,3,-3,1.0,3,5,3,3
11/23/2015,-1,4,4,4,-4,2.0,4,-1,4,4
11/24/2015,1,-1,5,-1,-5,-1.0,5,-2,5,5
11/25/2015,-1,1,-1,-2,-6,-2.0,6,1,6,6
11/27/2015,-2,2,-2,1,-7,-3.0,7,2,7,7
11/30/2015,1,-1,1,-1,-8,-4.0,-1,3,8,-1
12/01/2015,-1,-2,2,1,1,1.0,1,4,9,1
12/02/2015,-2,-3,3,2,2,2.0,2,5,-1,2
12/03/2015,-3,-4,-1,-1,3,-1.0,-1,6,-2,-1
12/04/2015,1,1,1,1,4,1.0,1,-1,1,1
12/07/2015,2,2,2,2,5,-1.0,-1,-2,2,2
12/08/2015,3,3,3,-1,-1,1.0,1,-3,3,-1
12/09/2015,-1,-1,-1,-2,-2,-1.0,-1,-4,4,-2
12/10/2015,-2,1,-2,-3,-3,-2.0,-2,-5,5,-3
12/11/2015,-3,-1,-3,-4,-4,-3.0,-3,-6,-1,-4
12/14/2015,-4,-2,1,-5,-5,1.0,1,-7,-2,1
12/15/2015,-5,-3,2,1,1,2.0,2,-8,-3,2
12/16/2015,-6,1,3,2,2,3.0,3,1,1,3
12/17/2015,-7,-1,4,-1,-1,4.0,4,2,2,4
12/18/2015,-8,-2,-1,-2,-2,-1.0,-1,3,-1,5
12/21/2015,-9,1,-2,1,1,-2.0,-2,4,1,6
12/22/2015,-10,2,1,2,2,1.0,-3,-1,2,-1
12/23/2015,1,3,2,3,3,-1.0,-4,-2,3,1
12/24/2015,-1,4,3,4,4,1.0,-5,1,4,2
12/28/2015,-2,5,4,5,5,2.0,1,-1,5,3
12/29/2015,1,6,5,6,6,3.0,2,1,6,-1
12/30/2015,-1,7,6,7,7,4.0,3,2,7,1
12/31/2015,-2,-1,-1,-1,-1,-1.0,-1,3,-1,2
01/04/2016,-3,-2,-2,-2,1,-2.0,-2,-1,-2,-1
01/05/2016,-4,-3,-3,-3,-1,-3.0,-3,-2,-3,-2
01/06/2016,-5,-4,-4,-4,-2,-4.0,-4,-3,-4,-3
01/07/2016,-6,-5,-5,-5,-3,-5.0,-5,-4,-5,-4
01/08/2016,-7,-6,-6,-6,-4,-6.0,-6,-5,-6,-5
01/11/2016,-8,1,-7,-7,-5,-7.0,-7,-6,-7,-6
01/12/2016,1,2,-8,-8,-6,1.0,-8,-7,1,-7
01/13/2016,-1,-1,-9,-9,-7,-1.0,-9,-8,-1,-8
01/14/2016,1,1,1,-10,1,1.0,-10,-9,-2,-9
01/15/2016,-1,-1,-1,-11,-1,-1.0,-11,-10,-3,-10
01/19/2016,-2,1,-2,-12,-2,-2.0,-12,-11,-4,-11
01/20/2016,-3,-1,-3,-13,-3,-3.0,-13,-12,-5,-12
01/21/2016,-4,1,-4,-14,1,-4.0,-14,-13,1,1
01/22/2016,1,2,1,1,2,1.0,1,1,2,2
01/25/2016,2,-1,2,-1,3,2.0,2,-1,3,3
01/26/2016,3,1,3,1,4,3.0,3,-2,4,4
01/27/2016,-1,-1,-1,-1,-1,-1.0,-1,-3,5,5
01/28/2016,-2,1,1,-2,-2,1.0,1,-4,-1,6
01/29/2016,1,2,2,1,-3,2.0,-1,-5,1,7
02/01/2016,-1,3,3,-1,1,3.0,-2,1,2,8
02/02/2016,-2,4,-1,-2,-1,4.0,-3,-1,-1,-1
02/03/2016,1,-1,-2,-3,-2,5.0,-4,-2,-2,-2
02/04/2016,2,-2,-3,1,1,-1.0,-5,-3,1,-3
02/05/2016,-1,-3,-4,-1,-1,-2.0,-6,-4,-1,-4
02/08/2016,-2,-4,-5,-2,-2,-3.0,-7,-5,-2,-5
02/09/2016,-3,-5,-6,-3,-3,-4.0,-8,-6,-3,-6
02/10/2016,-4,-6,-7,-4,-4,-5.0,-9,-7,-4,-7
02/11/2016,-5,-7,-8,1,-5,-6.0,1,-8,-5,-8
02/12/2016,-6,1,1,2,1,-7.0,2,-9,-6,-9
02/16/2016,1,2,2,3,2,-8.0,3,1,-7,-10
02/17/2016,2,3,3,4,3,1.0,4,2,1,-11
02/18/2016,-1,4,4,5,4,2.0,5,3,2,-12
02/19/2016,-2,5,5,6,5,3.0,6,4,3,1
02/22/2016,1,6,6,7,6,4.0,7,5,4,2
02/23/2016,-1,7,-1,-1,7,5.0,8,6,5,3
02/24/2016,1,8,-2,1,8,6.0,9,7,6,4
02/25/2016,2,9,1,2,9,7.0,10,8,7,5
02/26/2016,3,-1,-1,3,10,8.0,11,9,8,6
02/29/2016,4,-2,-2,-1,-1,-1.0,-1,10,9,7
03/01/2016,5,1,1,1,1,1.0,1,-1,10,8
03/02/2016,6,2,2,2,2,2.0,2,1,11,9
03/03/2016,7,-1,3,3,3,3.0,3,2,12,10
03/04/2016,8,-2,-1,4,4,-1.0,4,3,13,11
03/07/2016,9,-3,-2,5,5,-2.0,-1,4,14,-1
03/08/2016,-1,-4,-3,6,-1,-3.0,-2,5,-1,-2
03/09/2016,-2,-5,1,7,-2,1.0,-3,6,-2,-3
03/10/2016,-3,-6,-1,8,-3,2.0,-4,7,-3,-4
03/11/2016,1,-7,1,9,-4,3.0,1,8,1,1
03/14/2016,2,1,2,10,-5,4.0,2,9,2,2
03/15/2016,3,2,3,11,-6,5.0,3,10,-1,-1
03/16/2016,4,3,4,12,-7,6.0,4,11,1,-2
03/17/2016,5,4,5,13,-8,7.0,-1,12,2,1
03/18/2016,6,5,-1,14,1,8.0,-2,13,3,2
03/21/2016,7,-1,1,15,2,9.0,-3,14,4,-1
03/22/2016,8,1,2,16,3,10.0,1,15,5,1
03/23/2016,9,-1,3,-1,-1,11.0,2,-1,-1,-1
03/24/2016,-1,-2,4,-2,-2,12.0,3,-2,1,-2
03/28/2016,-2,1,-1,-3,-3,13.0,4,1,2,-3
03/29/2016,1,2,1,1,-4,14.0,5,2,3,1
03/30/2016,2,3,2,2,1,15.0,6,-1,4,2
03/31/2016,3,4,3,3,2,-1.0,7,1,5,3
04/01/2016,4,5,4,4,-1,1.0,8,2,-1,-1
04/04/2016,5,6,5,-1,-2,-1.0,-1,3,-2,1
04/05/2016,6,-1,-1,-2,-3,-2.0,-2,4,-3,2
04/06/2016,7,1,1,-3,1,1.0,1,5,-4,3
04/07/2016,-1,2,-1,-4,-1,2.0,-1,6,-5,4
04/08/2016,-2,3,-2,-5,1,-1.0,1,-1,1,5
04/11/2016,-3,4,-3,-6,2,-2.0,2,-2,2,-1
04/12/2016,1,-1,1,-7,3,-3.0,3,-3,3,1
04/13/2016,2,-2,2,1,4,-4.0,4,1,4,2
04/14/2016,3,-3,3,2,5,1.0,5,-1,-1,3
04/15/2016,-1,1,4,-1,-1,-1.0,6,1,-2,4
04/18/2016,-2,2,5,1,1,1.0,7,2,1,5
04/19/2016,-3,3,6,2,2,2.0,8,-1,-1,6
04/20/2016,-4,4,-1,3,3,3.0,9,-2,1,7
04/21/2016,-5,-1,-2,-1,-1,4.0,10,-3,-1,8
04/22/2016,-6,-2,-3,-2,1,-1.0,-1,1,1,-1
04/25/2016,-7,-3,-4,1,2,-2.0,1,2,2,-2
04/26/2016,-8,-4,-5,2,3,-3.0,-1,3,3,-3
04/27/2016,-9,-5,-6,3,4,-4.0,-2,-1,4,-4
04/28/2016,-10,-6,-7,-1,-1,1.0,-3,-2,5,-5
04/29/2016,-11,-7,-8,-2,-2,2.0,1,-3,-1,-6
05/02/2016,-12,1,-9,-3,-3,3.0,2,-4,1,-7
05/03/2016,-13,-1,-10,-4,-4,4.0,3,-5,-1,-8
05/04/2016,-14,-2,-11,-5,-5,5.0,4,-6,-2,-9
05/05/2016,-15,-3,-12,-6,1,6.0,-1,-7,1,1
05/06/2016,-16,-4,1,-7,-1,7.0,1,-8,2,2
05/09/2016,-17,1,-1,-8,1,8.0,2,-9,-1,3
05/10/2016,1,2,1,1,2,9.0,3,-10,-2,4
05/11/2016,-1,-1,2,-1,3,10.0,4,-11,1,5
05/12/2016,-2,-2,3,-2,-1,11.0,5,-12,-1,6
05/13/2016,-3,-3,4,-3,-2,12.0,6,-13,1,7
05/16/2016,1,-4,5,1,1,-1.0,7,-14,2,8
05/17/2016,2,-5,-1,-1,2,-2.0,-1,-15,3,9
05/18/2016,3,-6,-2,-2,3,-3.0,-2,1,4,-1
05/19/2016,4,-7,-3,1,4,-4.0,-3,2,-1,-2
05/20/2016,5,-8,-4,2,5,-5.0,1,3,1,1
05/23/2016,6,-9,-5,3,6,-6.0,-1,4,2,2
05/24/2016,7,1,1,4,7,1.0,1,5,3,-1
05/25/2016,8,2,2,5,8,2.0,2,6,4,1
05/26/2016,9,3,3,6,9,3.0,3,7,5,2
05/27/2016,10,-1,4,7,-1,4.0,4,8,6,3
05/31/2016,11,-2,5,8,-2,5.0,5,9,7,-1
06/01/2016,-1,-3,6,9,-3,6.0,6,-1,-1,1
06/02/2016,-2,-4,-1,10,-4,7.0,7,-2,-2,2
06/03/2016,-3,-5,-2,11,-5,-1.0,8,-3,-3,-1
06/06/2016,1,1,-3,12,-6,1.0,9,1,1,1
06/07/2016,2,2,-4,13,-7,-1.0,-1,2,2,-1
06/08/2016,3,3,-5,14,1,1.0,1,3,3,-2
06/09/2016,4,4,-6,15,2,2.0,2,4,4,1
06/10/2016,-1,-1,-7,-1,-1,-1.0,-1,-1,-1,2
06/13/2016,-2,-2,-8,-2,-2,-2.0,-2,-2,-2,-1
06/14/2016,-3,1,-9,-3,-3,-3.0,-3,-3,-3,1
06/15/2016,-4,2,-10,-4,-4,-4.0,-4,-4,1,2
06/16/2016,-5,3,1,1,1,-5.0,1,-5,2,-1
06/17/2016,-6,-1,-1,2,2,-6.0,-1,-6,3,-2
06/20/2016,-7,1,-2,-1,3,-7.0,1,1,4,1
06/21/2016,-8,2,1,-2,4,1.0,2,2,5,2
06/22/2016,-9,3,2,-3,5,-1.0,-1,-1,-1,-1
06/23/2016,1,4,3,1,6,1.0,1,-2,1,-2
06/24/2016,-1,-1,-1,-1,-1,-1.0,-1,-3,-1,-3
06/27/2016,-2,-2,-2,-2,-2,-2.0,-2,-4,-2,-4
06/28/2016,-3,1,-3,-3,-3,1.0,1,1,1,-5
06/29/2016,1,2,1,1,1,2.0,2,2,2,1
06/30/2016,2,3,2,2,2,3.0,3,3,3,2
07/01/2016,3,4,3,3,-1,4.0,4,4,-1,3
07/05/2016,-1,5,4,-1,-2,5.0,5,5,-2,4
07/06/2016,1,6,5,1,-3,6.0,6,6,1,5
07/07/2016,2,7,6,2,1,7.0,7,7,-1,6
07/08/2016,3,-1,7,3,2,8.0,8,8,1,7
07/11/2016,4,-2,8,4,3,9.0,9,9,-1,8
07/12/2016,5,1,9,5,4,10.0,10,10,1,9
07/13/2016,6,-1,10,6,5,-1.0,-1,11,2,10
07/14/2016,7,1,11,7,6,1.0,-2,-1,3,11
07/15/2016,8,2,12,8,7,-1.0,-3,-2,4,12
07/18/2016,9,-1,13,9,8,1.0,-4,1,5,13
07/19/2016,10,-2,-1,10,9,2.0,1,2,6,-1
07/20/2016,11,1,1,11,10,3.0,2,3,7,-2
07/21/2016,-1,2,2,12,11,4.0,3,-1,-1,-3
07/22/2016,-2,3,3,13,12,5.0,4,-2,1,1
07/25/2016,-3,4,4,14,13,6.0,-1,1,2,2
07/26/2016,-4,5,5,15,14,7.0,-2,2,3,3
07/27/2016,1,-1,-1,16,15,8.0,-3,3,4,4
07/28/2016,2,1,-2,-1,16,9.0,1,4,5,5
07/29/2016,3,2,1,-2,17,10.0,2,5,6,6
08/01/2016,4,-1,2,1,-1,11.0,3,-1,-1,7
08/02/2016,5,-2,3,-1,-2,-1.0,4,-2,-2,-1
08/03/2016,6,-3,4,1,-3,-2.0,-1,-3,-3,1
08/04/2016,7,-4,5,2,-4,1.0,1,1,1,2
08/05/2016,8,-5,6,3,1,2.0,2,2,2,-1
08/08/2016,9,-6,7,4,2,3.0,3,-1,3,-2
08/09/2016,10,-7,8,5,3,4.0,4,1,4,-3
08/10/2016,11,1,9,-1,-1,5.0,5,-1,-1,-4
08/11/2016,12,-1,10,1,1,6.0,6,-2,1,-5
08/12/2016,13,-2,-1,-1,-1,7.0,7,-3,2,-6
08/15/2016,14,-3,1,1,1,-1.0,-1,-4,3,1
08/16/2016,15,-4,-1,2,2,-2.0,-2,-5,4,-1
08/17/2016,16,1,-2,-1,3,1.0,-3,-6,-1,-2
08/18/2016,17,-1,-3,-2,4,-1.0,-4,-7,1,-3
08/19/2016,18,-2,-4,-3,5,-2.0,-5,1,2,-4
08/22/2016,-1,1,1,-4,6,1.0,-6,-1,3,-5
08/23/2016,-2,2,2,1,7,2.0,1,1,4,-6
08/24/2016,-3,3,3,2,-1,-1.0,-1,-1,-1,-7
08/25/2016,-4,4,4,3,-2,1.0,-2,-2,1,-8
08/26/2016,-5,5,5,4,1,2.0,1,-3,2,1
08/29/2016,-6,-1,6,5,2,3.0,2,-4,3,2
08/30/2016,-7,-2,-1,6,3,4.0,3,-5,-1,3
08/31/2016,-8,-3,-2,7,4,5.0,4,-6,-2,4
09/01/2016,1,-4,-3,8,5,6.0,5,-7,-3,-1
09/02/2016,2,-5,-4,9,6,7.0,6,-8,1,1
09/06/2016,3,-6,-5,10,-1,8.0,7,-9,-1,2
09/07/2016,4,1,1,11,-2,9.0,8,-10,-2,3
09/08/2016,-1,-1,-1,-1,-3,10.0,9,-11,-3,4
09/09/2016,-2,-2,-2,-2,-4,-1.0,-1,-12,-4,-1
09/12/2016,1,-3,1,1,1,1.0,-2,1,-5,1
09/13/2016,2,-4,-1,-1,-1,-1.0,-3,-1,-6,2
09/14/2016,3,-5,-2,-2,-2,-2.0,-4,-2,1,3
09/15/2016,4,-6,1,1,1,1.0,1,1,-1,4
09/16/2016,5,-7,2,-1,2,2.0,2,2,1,5
09/19/2016,6,-8,-1,-2,3,3.0,3,3,2,-1
09/20/2016,7,-9,-2,1,4,4.0,4,4,3,-2
09/21/2016,8,1,1,2,5,5.0,5,5,4,1
09/22/2016,9,2,2,3,6,6.0,6,6,5,-1
09/23/2016,-1,3,-1,-1,-1,-1.0,7,7,6,-2
09/26/2016,-2,-1,-2,-2,-2,-2.0,8,8,-1,-3
09/27/2016,-3,1,1,1,1,1.0,9,-1,1,1
09/28/2016,1,-1,2,2,2,2.0,10,-2,2,-1
09/29/2016,-1,-2,-1,-1,3,-1.0,11,-3,3,-2
09/30/2016,1,1,1,1,4,-2.0,12,-4,4,1
10/03/2016,-1,-1,-1,-1,5,1.0,13,1,5,-1
10/04/2016,1,-2,-2,-2,6,-1.0,14,2,6,1
10/05/2016,2,-3,1,1,7,1.0,15,-1,-1,2
10/06/2016,3,-4,2,-1,8,2.0,16,-2,1,3
10/07/2016,4,1,3,-2,9,3.0,17,-3,-1,4
10/10/2016,5,-1,4,-3,-1,4.0,18,-4,1,5
10/11/2016,6,-2,-1,-4,-2,-1.0,-1,-5,-1,-1
10/12/2016,7,-3,-2,-5,-3,-2.0,-2,1,-2,1
10/13/2016,8,-4,-3,-6,-4,-3.0,-3,-1,-3,-1
10/14/2016,9,-5,1,-7,-5,-4.0,-4,-2,1,-2
10/17/2016,10,-6,-1,-8,-6,-5.0,-5,-3,2,-3
10/18/2016,11,-7,1,1,1,1.0,-6,1,3,-4
10/19/2016,-1,1,2,-1,-1,2.0,-7,2,4,1
10/20/2016,-2,2,-1,-2,1,3.0,-8,-1,5,2
10/21/2016,-3,3,1,-3,2,4.0,1,1,-1,3
10/24/2016,1,4,2,1,3,5.0,2,2,1,4
10/25/2016,2,-1,3,2,4,6.0,3,3,2,5
10/26/2016,-1,-2,4,3,5,-1.0,-1,4,3,-1
10/27/2016,-2,-3,-1,-1,6,-2.0,-2,5,-1,-2
10/28/2016,-3,-4,-2,1,-1,1.0,-3,-1,1,-3
10/31/2016,-4,-5,-3,2,1,-1.0,-4,-2,2,-4
11/01/2016,-5,-6,-4,-1,-1,-2.0,-5,-3,-1,-5
11/02/2016,-6,-7,-5,-2,-2,-3.0,-6,-4,-2,-6
11/03/2016,-7,-8,-6,-3,-3,-4.0,-7,-5,-3,-7
11/04/2016,-8,1,-7,-4,-4,-5.0,-8,-6,-4,-8
11/07/2016,-9,2,1,1,1,-6.0,1,1,1,-9
11/08/2016,1,3,2,2,2,1.0,2,2,2,1
11/09/2016,2,4,3,3,-1,-1.0,-1,-1,3,2
11/10/2016,-1,-1,-1,4,-2,-2.0,-2,-2,-1,-1
11/11/2016,-2,1,-2,5,-3,-3.0,-3,-3,1,1
11/14/2016,-3,2,-3,6,-4,-4.0,-4,-4,2,2
11/15/2016,-4,3,1,7,1,-5.0,1,-5,3,3
11/16/2016,1,4,2,8,-1,-6.0,2,-6,4,-1
11/17/2016,2,5,3,-1,1,1.0,3,1,5,-2
11/18/2016,3,6,4,-2,2,-1.0,4,-1,6,-3
11/21/2016,4,7,5,-3,3,1.0,5,-2,7,-4
11/22/2016,5,8,6,-4,4,2.0,6,1,8,-5
11/23/2016,6,9,-1,-5,5,3.0,7,2,9,1
11/25/2016,7,10,-2,1,6,4.0,8,3,10,2
11/28/2016,8,11,1,-1,-1,5.0,-1,4,11,3
11/29/2016,9,12,2,-2,-2,6.0,-2,-1,12,4
11/30/2016,-1,13,-1,-3,1,-1.0,-3,-2,13,5
12/01/2016,-2,14,-2,-4,-1,-2.0,-4,-3,-1,6
12/02/2016,-3,-1,-3,-5,-2,-3.0,-5,-4,-2,-1
12/05/2016,-4,-2,1,1,1,1.0,1,1,1,1
12/06/2016,1,-3,2,-1,2,2.0,2,2,2,2
12/07/2016,2,1,3,1,3,3.0,3,3,3,3
12/08/2016,3,2,4,2,4,4.0,4,4,4,4
12/09/2016,4,3,5,3,5,5.0,5,5,5,-1
12/12/2016,5,4,6,4,6,-1.0,-1,6,6,-2
12/13/2016,6,5,7,5,7,1.0,1,7,7,-3
12/14/2016,7,-1,8,6,-1,2.0,2,8,8,-4
12/15/2016,8,-2,9,7,-2,3.0,-1,9,9,-5
12/16/2016,9,-3,-1,8,-3,-1.0,-2,10,10,-6
12/19/2016,10,-4,1,9,-4,-2.0,1,11,11,-7
12/20/2016,11,-5,2,-1,-5,-3.0,2,12,12,-8
12/21/2016,12,-6,3,-2,1,-4.0,3,13,13,-9
12/22/2016,-1,-7,4,-3,-1,-5.0,-1,14,14,-10
12/23/2016,1,-8,-1,1,-2,-6.0,-2,15,15,-11
12/27/2016,2,-9,-2,2,1,-7.0,1,16,16,-12
12/28/2016,-1,-10,-3,-1,-1,-8.0,2,17,-1,-13
12/29/2016,-2,-11,-4,-2,-2,-9.0,-1,-1,-2,1
12/30/2016,-3,-12,-5,-3,-3,-10.0,-2,-2,-3,-1
01/03/2017,-4,-13,-6,1,-4,1.0,-3,1,-4,1
01/04/2017,-5,1,-7,-1,-5,2.0,-4,2,-5,2
01/05/2017,1,2,-8,-2,-6,3.0,1,3,-6,3
01/06/2017,2,3,1,-3,-7,4.0,2,4,-7,4
01/09/2017,3,4,2,-4,1,5.0,3,5,1,-1
01/10/2017,4,5,3,1,2,6.0,4,6,2,-2
01/11/2017,5,6,4,-1,3,7.0,5,7,-1,-3
01/12/2017,6,7,-1,-2,4,8.0,6,8,-2,1
01/13/2017,7,8,-2,-3,5,9.0,7,9,-3,-1
01/17/2017,8,9,-3,-4,-1,10.0,8,10,-4,-2
01/18/2017,9,10,-4,-5,-2,11.0,-1,11,-5,-3
01/19/2017,10,-1,-5,-6,-3,12.0,1,12,-6,1
01/20/2017,11,-2,1,1,-4,-1.0,-1,13,-7,2
01/23/2017,12,-3,2,2,-5,1.0,1,14,-8,-1
01/24/2017,13,1,3,3,-6,2.0,2,15,1,-2
01/25/2017,14,2,4,4,-7,3.0,3,16,2,1
01/26/2017,15,3,5,5,-8,4.0,4,17,3,-1
01/27/2017,16,-1,6,6,-9,5.0,5,18,4,-2
01/30/2017,17,-2,7,7,-10,-1.0,-1,-1,5,1
01/31/2017,-1,-3,-1,-1,-11,-2.0,-2,1,-1,-1
02/01/2017,1,-4,-2,-2,-12,1.0,1,-1,1,-2
02/02/2017,2,-5,-3,1,-13,-1.0,2,1,2,-3
02/03/2017,3,1,-4,2,-14,-2.0,-1,2,3,1
02/06/2017,4,2,-5,3,-15,1.0,-2,3,4,-1
02/07/2017,5,3,-6,4,1,2.0,-3,4,5,1
02/08/2017,6,4,-7,5,-1,3.0,1,5,6,-1
02/09/2017,7,5,1,6,-2,4.0,2,6,7,-2
02/10/2017,8,6,2,7,1,5.0,3,7,8,1
02/13/2017,9,7,3,8,2,6.0,4,8,9,2
02/14/2017,10,8,4,9,3,7.0,5,9,-1,3
02/15/2017,11,9,5,10,4,-1.0,6,10,-2,4
02/16/2017,12,10,6,11,5,1.0,7,-1,-3,-1
02/17/2017,13,11,7,12,6,-1.0,8,-2,-4,1
02/21/2017,14,12,-1,13,7,1.0,9,1,1,2
02/22/2017,15,13,-2,14,8,2.0,10,-1,2,3
02/23/2017,16,14,1,15,9,3.0,11,-2,3,-1
02/24/2017,17,15,2,16,10,4.0,-1,-3,4,-2
02/27/2017,18,-1,-1,17,-1,5.0,-2,-4,5,-3
02/28/2017,19,-2,-2,18,-2,-1.0,-3,-5,-1,-4
03/01/2017,20,1,1,19,1,1.0,1,-6,1,1
03/02/2017,21,2,-1,20,-1,2.0,-1,-7,-1,2
03/03/2017,22,-1,-2,-1,-2,3.0,1,1,-2,3
03/06/2017,23,-2,-3,-2,-3,4.0,-1,-1,-3,4
03/07/2017,24,-3,1,-3,1,5.0,-2,-2,-4,-1
03/08/2017,-1,-4,2,-4,2,6.0,1,-3,-5,-2
03/09/2017,-2,-5,3,-5,3,7.0,2,-4,1,1
03/10/2017,1,-6,4,1,4,8.0,3,-5,2,2
03/13/2017,2,-7,-1,-1,5,9.0,4,1,3,3
03/14/2017,-1,-8,-2,-2,6,10.0,-1,2,4,-1
03/15/2017,1,-9,1,1,7,11.0,1,3,5,1
03/16/2017,2,1,-1,2,8,12.0,2,4,-1,2
03/17/2017,-1,2,1,3,-1,13.0,-1,5,-2,-1
03/20/2017,1,3,2,4,-2,14.0,1,6,1,-2
03/21/2017,-1,4,-1,-1,-3,-1.0,-1,-1,-1,-3
03/22/2017,1,5,1,1,-4,1.0,-2,-2,1,-4
03/23/2017,2,6,2,-1,-5,2.0,-3,-3,-1,1
03/24/2017,-1,7,3,1,-6,3.0,-4,1,-2,2
03/27/2017,1,8,4,-1,-7,4.0,-5,2,-3,3
03/28/2017,2,9,5,-2,1,5.0,1,3,-4,4
03/29/2017,3,10,6,-3,2,6.0,2,4,-5,5
03/30/2017,4,11,7,-4,3,7.0,3,5,1,6
03/31/2017,5,12,8,-5,4,8.0,4,6,2,7
04/03/2017,6,13,-1,-6,-1,9.0,5,7,3,-1
04/04/2017,7,14,1,-7,-2,-1.0,6,8,-1,-2
04/05/2017,-1,15,-1,-8,-3,-2.0,7,9,-2,-3
04/06/2017,-2,-1,1,-9,-4,-3.0,-1,10,-3,-4
04/07/2017,-3,-2,2,-10,-5,-4.0,-2,11,-4,-5
04/10/2017,-4,-3,-1,-11,1,-5.0,1,12,-5,-6
04/11/2017,-5,-4,-2,-12,-1,-6.0,2,13,-6,-7
04/12/2017,-6,-5,-3,-13,-2,-7.0,-1,-1,-7,-8
04/13/2017,-7,-6,-4,-14,-3,-8.0,-2,1,-8,-9
04/17/2017,-8,1,1,-15,-4,1.0,1,-1,1,-10
04/18/2017,-9,2,2,1,-5,2.0,2,-2,2,1
04/19/2017,-10,3,-1,-1,-6,3.0,-1,1,-1,2
04/20/2017,1,4,1,1,-7,4.0,1,-1,1,3
04/21/2017,2,5,2,2,-8,5.0,-1,1,2,-1
04/24/2017,3,6,3,3,1,6.0,1,2,3,1
04/25/2017,4,7,4,4,2,7.0,2,3,4,2
04/26/2017,5,8,5,5,3,8.0,3,4,5,-1
04/27/2017,6,9,6,6,4,9.0,4,-1,6,1
04/28/2017,7,-1,7,7,5,10.0,5,1,-1,2
05/01/2017,8,-2,8,8,6,11.0,6,2,1,3
05/02/2017,9,1,9,9,-1,12.0,7,3,-1,4
05/03/2017,10,2,10,10,1,13.0,8,-1,-2,5
05/04/2017,11,3,-1,11,2,-1.0,-1,-2,-3,-1
05/05/2017,12,4,1,12,3,-2.0,-2,1,-4,1
05/08/2017,13,5,2,13,4,1.0,1,-1,-5,2
05/09/2017,14,6,3,-1,5,-1.0,2,1,-6,3
05/10/2017,15,-1,4,-2,6,-2.0,3,2,1,4
05/11/2017,16,-2,-1,-3,-1,-3.0,4,3,2,5
05/12/2017,17,-3,-2,-4,1,-4.0,5,4,3,-1
05/15/2017,18,1,-3,1,2,-5.0,6,-1,4,1
05/16/2017,19,-1,1,2,3,-6.0,7,-2,5,2
05/17/2017,-1,-2,-1,-1,-1,-7.0,-1,-3,-1,-1
05/18/2017,-2,-3,-2,-2,1,-8.0,1,-4,-2,1
05/19/2017,1,1,-3,-3,2,1.0,2,-5,-3,2
05/22/2017,2,2,1,-4,3,2.0,3,-6,-4,3
05/23/2017,3,3,2,-5,4,3.0,4,-7,-5,4
05/24/2017,-1,4,3,-6,5,4.0,5,1,-6,5
05/25/2017,1,5,4,-7,6,5.0,6,2,-7,-1
05/26/2017,-1,6,5,-8,-1,6.0,7,3,-8,-2
05/30/2017,1,7,6,1,-2,7.0,8,4,1,1
05/31/2017,-1,8,7,-1,-3,-1.0,9,5,2,-1
06/01/2017,-2,9,8,1,1,1.0,10,6,-1,1
06/02/2017,1,10,9,2,2,2.0,11,7,-2,2
06/05/2017,-1,11,10,-1,3,3.0,12,8,1,3
06/06/2017,1,12,11,-2,-1,-1.0,-1,9,2,4
06/07/2017,2,-1,12,-3,-2,1.0,1,10,3,-1
06/08/2017,3,-2,-1,-4,1,2.0,2,11,4,-2
06/09/2017,-1,-3,-2,-5,-1,-1.0,-1,-1,5,1
06/12/2017,-2,-4,-3,-6,-2,-2.0,-2,1,-1,-1
06/13/2017,-3,-5,-4,1,-3,1.0,-3,2,-2,-2
06/14/2017,-4,-6,-5,2,-4,-1.0,-4,3,-3,-3
06/15/2017,-5,-7,-6,3,-5,-2.0,-5,4,-4,1
06/16/2017,-6,-8,-7,4,-6,1.0,1,-1,-5,2
06/19/2017,1,1,1,5,1,2.0,2,-2,1,3
06/20/2017,-1,-1,-1,6,-1,3.0,3,1,2,-1
06/21/2017,1,-2,1,7,-2,4.0,4,2,3,1
06/22/2017,2,-3,2,8,-3,5.0,5,3,4,-1
06/23/2017,3,-4,3,9,1,6.0,6,4,5,1
06/26/2017,4,-5,-1,10,-1,-1.0,-1,-1,6,2
06/27/2017,-1,-6,-2,-1,-2,-2.0,-2,-2,-1,-1
06/28/2017,1,-7,-3,1,-3,1.0,1,-3,-2,-2
06/29/2017,-1,-8,-4,-1,-4,-1.0,-1,-4,-3,-3
06/30/2017,-2,-9,-5,-2,-5,-2.0,-2,-5,-4,-4
07/03/2017,-3,-10,-6,-3,-6,-3.0,-3,-6,-5,-5
07/05/2017,1,-11,1,-4,1,-4.0,1,-7,1,-6
07/06/2017,-1,-12,-1,-5,-1,-5.0,-1,-8,2,-7
07/07/2017,1,1,1,-6,1,1.0,1,-9,3,1
07/10/2017,2,-1,2,-7,2,2.0,2,-10,4,2
07/11/2017,3,-2,3,1,-1,3.0,3,1,5,3
07/12/2017,4,1,4,2,1,4.0,4,2,6,4
07/13/2017,5,2,5,3,2,5.0,5,-1,-1,-1
07/14/2017,6,3,6,4,3,6.0,6,1,1,1
07/17/2017,7,-1,7,5,4,7.0,7,-1,-1,-1
07/18/2017,8,-2,8,6,-1,8.0,8,1,-2,1
07/19/2017,9,-3,9,7,1,9.0,9,-1,-3,2
07/20/2017,10,-4,10,8,-1,10.0,10,1,1,3
07/21/2017,11,-5,11,9,-2,11.0,11,2,2,4
07/24/2017,12,-6,-1,10,-3,12.0,12,3,3,5
07/25/2017,13,1,1,11,-4,13.0,13,4,4,6
07/26/2017,14,-1,2,-1,-5,14.0,14,5,5,-1
07/27/2017,-1,1,-1,-2,-6,15.0,15,-1,-1,-2
07/28/2017,-2,-1,-2,-3,-7,16.0,-1,-2,-2,-3
07/31/2017,-3,-2,-3,-4,1,-1.0,-2,-3,-3,-4
08/01/2017,1,-3,-4,1,2,1.0,-3,-4,-4,-5
08/02/2017,2,1,-5,-1,-1,-1.0,-4,-5,-5,-6
08/03/2017,3,2,-6,-2,-2,-2.0,-5,1,-6,1
08/04/2017,4,-1,1,1,-3,1.0,-6,2,-7,-1
08/07/2017,5,1,-1,2,-4,2.0,-7,3,1,-2
08/08/2017,6,-1,1,-1,-5,3.0,-8,4,-1,1
08/09/2017,7,-2,-1,-2,1,4.0,-9,5,-2,2
08/10/2017,-1,-3,-2,-3,-1,-1.0,-10,-1,-3,-1
08/11/2017,-2,-4,1,1,1,-2.0,-11,1,-4,-2
08/14/2017,1,-5,2,2,2,1.0,1,2,1,-3
08/15/2017,2,-6,3,3,3,2.0,2,3,2,-4
08/16/2017,3,1,4,4,-1,-1.0,-1,4,-1,-5
08/17/2017,-1,-1,-1,-1,-2,-2.0,-2,-1,-2,-6
08/18/2017,-2,-2,-2,-2,-3,-3.0,-3,-2,-3,1
08/21/2017,-3,1,-3,-3,-4,-4.0,-4,-3,-4,-1
08/22/2017,1,2,1,1,1,1.0,1,-4,-5,1
08/23/2017,2,3,-1,-1,-1,2.0,-1,1,1,-1
08/24/2017,3,4,-2,1,1,-1.0,-2,2,2,1
08/25/2017,4,5,1,2,-1,-2.0,-3,-1,3,-1
08/28/2017,5,6,2,3,-2,-3.0,-4,-2,-1,-2
08/29/2017,6,-1,3,4,-3,1.0,1,-3,-2,-3
08/30/2017,7,1,4,5,1,2.0,2,1,1,1
08/31/2017,8,2,5,6,2,3.0,3,2,2,2
09/01/2017,9,3,6,7,-1,4.0,4,3,3,3
09/05/2017,-1,4,-1,-1,-2,-1.0,-1,-1,4,-1
09/06/2017,-2,-1,-2,-2,-3,1.0,-2,-2,-1,-2
09/07/2017,-3,-2,1,-3,-4,2.0,1,1,-2,1
09/08/2017,-4,-3,2,-4,-5,-1.0,-1,-1,-3,2
09/11/2017,1,1,3,1,1,1.0,1,1,-4,3
09/12/2017,-1,-1,4,2,2,2.0,2,2,-5,4
09/13/2017,-2,1,5,3,3,3.0,3,3,-6,5
09/14/2017,-3,2,6,4,4,-1.0,4,4,-7,-1
09/15/2017,1,3,7,5,5,-2.0,-1,5,1,1
09/18/2017,-1,4,8,6,6,-3.0,-2,6,2,2
09/19/2017,-2,5,9,7,7,1.0,-3,-1,3,3
09/20/2017,-3,6,-1,8,-1,2.0,-4,-2,4,4
09/21/2017,-4,7,-2,9,1,-1.0,-5,-3,5,5
09/22/2017,-5,8,-3,10,2,-2.0,-6,-4,6,-1
09/25/2017,-6,-1,-4,11,-1,-3.0,-7,-5,-1,-2
09/26/2017,1,1,-5,12,-2,-4.0,-8,-6,-2,-3
09/27/2017,2,-1,1,13,-3,1.0,1,-7,-3,-4
09/28/2017,-1,-2,2,-1,1,2.0,2,-8,-4,-5
09/29/2017,1,-3,3,1,2,3.0,3,-9,-5,1
10/02/2017,2,-4,4,2,3,4.0,4,-10,-6,2
10/03/2017,3,-5,-1,3,4,5.0,-1,1,1,3
10/04/2017,-1,-6,1,-1,5,-1.0,1,2,2,4
10/05/2017,1,1,2,-2,6,1.0,2,3,3,5
10/06/2017,2,2,3,1,7,2.0,3,4,4,-1
10/09/2017,3,3,4,2,8,3.0,4,-1,5,-2
10/10/2017,4,4,5,-1,9,4.0,5,1,6,-3
10/11/2017,5,5,6,-2,10,5.0,6,2,7,-4
10/12/2017,6,6,7,-3,-1,6.0,7,3,8,1
10/13/2017,7,7,8,-4,-2,7.0,8,4,9,2
10/16/2017,8,-1,9,1,-3,8.0,9,-1,10,3
10/17/2017,9,-2,10,2,-4,9.0,10,1,11,4
10/18/2017,10,1,11,3,-5,10.0,-1,2,-1,5
10/19/2017,-1,2,12,4,-6,-1.0,-2,-1,-2,6
10/20/2017,-2,-1,13,5,-7,1.0,-3,-2,-3,7
10/23/2017,-3,-2,14,6,1,-1.0,-4,-3,1,-1
10/24/2017,1,-3,15,7,2,-2.0,-5,-4,2,-2
10/25/2017,-1,-4,16,8,3,-3.0,-6,-5,-1,-3
10/26/2017,1,1,17,-1,4,-4.0,-7,-6,-2,-4
10/27/2017,2,2,18,1,5,1.0,1,-7,-3,-5
10/30/2017,3,3,19,-1,6,2.0,2,-8,-4,1
10/31/2017,4,-1,20,-2,-1,3.0,3,1,-5,2
11/01/2017,5,1,21,1,1,4.0,4,-1,-6,3
11/02/2017,6,-1,22,-1,2,-1.0,5,-2,-7,4
11/03/2017,7,1,23,1,3,-2.0,6,-3,1,5
11/06/2017,8,2,24,2,4,1.0,7,-4,2,-1
11/07/2017,9,3,25,3,5,2.0,8,-5,3,-2
11/08/2017,10,4,26,4,6,-1.0,9,-6,4,1
11/09/2017,11,5,-1,-1,7,-2.0,10,-7,-1,2
11/10/2017,-1,-1,-2,-2,8,-3.0,11,-8,-2,3
11/13/2017,-2,-2,-3,-3,9,-4.0,12,1,-3,4
11/14/2017,-3,1,1,-4,10,-5.0,13,2,-4,-1
11/15/2017,-4,-1,-1,1,11,-6.0,-1,3,-5,-2
11/16/2017,-5,1,-2,2,12,1.0,1,4,1,1
11/17/2017,-6,-1,-3,3,13,2.0,-1,5,2,2
11/20/2017,-7,-2,-4,4,14,-1.0,-2,-1,3,3
11/21/2017,1,1,1,5,15,1.0,1,1,4,4
11/22/2017,2,2,-1,6,16,2.0,2,-1,5,5
11/24/2017,3,-1,1,7,17,3.0,3,1,6,6
11/27/2017,4,-2,2,8,18,4.0,4,2,7,7
11/28/2017,-1,1,3,9,19,5.0,5,3,-1,8
11/29/2017,-2,2,-1,10,-1,-1.0,-1,-1,-2,-1
11/30/2017,-3,3,1,11,-2,-2.0,1,-2,-3,-2
12/01/2017,-4,4,2,12,-3,-3.0,-1,-3,-4,-3
12/04/2017,-5,5,-1,13,-4,-4.0,-2,-4,-5,-4
12/05/2017,-6,6,-2,-1,-5,-5.0,-3,-5,-6,-5
12/06/2017,-7,7,1,-2,-6,1.0,1,1,-7,-6
12/07/2017,-8,8,-1,-3,1,2.0,2,2,-8,1
12/08/2017,-9,-1,1,1,-1,3.0,3,3,-9,-1
12/11/2017,1,1,2,2,1,4.0,4,4,1,1
12/12/2017,2,2,3,3,-1,-1.0,5,5,-1,2
12/13/2017,3,3,4,4,-2,1.0,6,6,1,3
12/14/2017,4,4,-1,-1,-3,2.0,7,7,2,4
12/15/2017,5,-1,1,1,-4,3.0,8,8,3,5
12/18/2017,6,-2,2,2,1,4.0,9,9,4,6
12/19/2017,7,-3,-1,3,-1,-1.0,10,-1,5,-1
12/20/2017,8,-4,-2,4,-2,-2.0,-1,-2,6,-2
12/21/2017,9,-5,-3,5,-3,-3.0,-2,-3,7,1
12/22/2017,10,-6,-4,6,1,-4.0,-3,-4,-1,2
12/26/2017,-1,-7,-5,-1,-1,-5.0,1,-5,-2,-1
12/27/2017,-2,-8,1,1,1,1.0,2,-6,-3,1
12/28/2017,-3,1,2,2,-1,2.0,3,-7,-4,-1
12/29/2017,-4,-1,-1,-1,-2,-1.0,-1,-8,-5,1
01/02/2018,1,1,1,1,1,1.0,1,1,1,-1
01/03/2018,2,2,2,2,2,2.0,2,-1,2,1
01/04/2018,3,3,3,3,3,3.0,3,-2,3,-1
01/05/2018,4,4,4,4,4,4.0,4,1,4,-2
01/08/2018,5,5,5,5,5,5.0,5,2,5,-3
01/09/2018,6,6,6,6,-1,6.0,6,3,-1,-4
01/10/2018,7,7,-1,7,-2,7.0,7,4,1,-5
01/11/2018,8,8,1,8,-3,8.0,8,5,2,1
01/12/2018,9,9,2,9,-4,-1.0,9,6,3,2
01/16/2018,10,10,-1,10,1,-2.0,10,7,-1,-1
01/17/2018,11,11,1,11,2,-3.0,11,8,1,-2
01/18/2018,12,12,2,12,3,-4.0,12,9,2,-3
01/19/2018,13,13,3,13,4,1.0,13,10,3,-4
01/22/2018,-1,14,4,14,5,2.0,14,11,4,-5
01/23/2018,-2,15,5,15,6,3.0,15,12,5,-6
01/24/2018,-3,-1,6,16,-1,4.0,16,-1,6,-7
01/25/2018,-4,-2,7,17,-2,5.0,17,-2,-1,-8
01/26/2018,-5,-3,8,18,1,6.0,18,-3,1,1
01/29/2018,-6,-4,9,19,-1,-1.0,19,1,2,-1
01/30/2018,-7,-5,-1,-1,-2,1.0,20,-1,-1,-2
01/31/2018,-8,-6,1,-2,1,-1.0,21,1,1,-3
02/01/2018,-9,-7,2,-3,-1,1.0,-1,-1,-1,1
02/02/2018,-10,-8,-1,-4,-2,2.0,1,-2,-2,-1
02/05/2018,-11,-9,-2,-5,-3,-1.0,-1,-3,-3,-2
02/06/2018,1,-10,1,-6,-4,-2.0,1,-4,-4,-3
02/07/2018,-1,-11,-1,1,1,-3.0,-1,1,-5,1
02/08/2018,-2,-12,-2,-1,-1,-4.0,-2,-1,-6,-1
02/09/2018,-3,-13,-3,-2,1,-5.0,-3,-2,-7,-2
02/12/2018,1,1,1,1,2,-6.0,1,-3,1,-3
02/13/2018,2,2,2,2,3,-7.0,2,1,2,1
02/14/2018,3,3,3,3,4,1.0,3,2,3,2
02/15/2018,4,4,4,4,-1,2.0,4,3,4,3
02/16/2018,5,5,5,5,-2,-1.0,5,4,-1,4
02/20/2018,6,-1,6,6,-3,-2.0,6,5,1,5
02/21/2018,7,1,-1,-1,-4,1.0,7,6,-1,6
02/22/2018,8,-1,-2,-2,-5,2.0,8,7,-2,-1
02/23/2018,9,1,1,1,-6,3.0,9,8,1,1
02/26/2018,10,2,2,2,1,4.0,10,9,2,2
02/27/2018,11,3,3,3,2,-1.0,11,10,3,-1
02/28/2018,12,4,-1,4,-1,-2.0,12,-1,-1,-2
03/01/2018,-1,-1,-2,-1,-2,-3.0,-1,-2,-2,-3
03/02/2018,-2,1,-3,-2,-3,-4.0,-2,-3,-3,1
03/05/2018,1,2,1,1,-4,1.0,1,-4,-4,2
03/06/2018,2,3,-1,-1,-5,2.0,2,-5,-5,3
03/07/2018,-1,4,1,-2,-6,3.0,3,-6,1,4
03/08/2018,1,5,2,1,-7,4.0,4,-7,-1,5
03/09/2018,2,6,3,2,1,5.0,5,-8,-2,6
03/12/2018,3,7,4,3,2,6.0,6,1,-3,7
03/13/2018,4,8,-1,4,-1,-1.0,7,2,-4,-1
03/14/2018,-1,9,-2,5,-2,1.0,8,-1,-5,1
03/15/2018,-2,10,-3,6,-3,2.0,-1,-2,-6,2
03/16/2018,-3,11,1,-1,1,3.0,-2,-3,-7,3
03/19/2018,-4,-1,-1,-2,-1,-1.0,-3,-4,-8,-1
03/20/2018,-5,-2,-2,-3,-2,-2.0,1,-5,-9,1
03/21/2018,-6,-3,-3,-4,-3,-3.0,2,-6,-10,2
03/22/2018,-7,-4,-4,-5,-4,-4.0,-1,-7,-11,-1
03/23/2018,-8,-5,-5,-6,-5,-5.0,-2,-8,-12,-2
03/26/2018,1,1,1,1,1,-6.0,1,-9,-13,1
03/27/2018,-1,-1,-1,-1,-1,-7.0,-1,-10,-14,-1
03/28/2018,-2,1,-2,-2,-2,-8.0,-2,-11,-15,-2
03/29/2018,-3,2,1,1,1,1.0,-3,-12,-16,-3
04/02/2018,-4,-1,-1,-1,-1,-1.0,-4,-13,-17,-4
04/03/2018,1,1,-2,-2,1,-2.0,-5,1,-18,-5
04/04/2018,2,2,1,-3,2,-3.0,-6,2,1,-6
04/05/2018,3,3,2,1,3,1.0,1,3,2,-7
04/06/2018,-1,-1,-1,-1,-1,-1.0,-1,4,-1,-8
04/09/2018,1,1,-2,-2,-2,1.0,-2,-1,-2,-9
04/10/2018,2,2,1,1,1,2.0,1,1,1,1
04/11/2018,3,3,2,2,2,3.0,2,2,2,2
04/12/2018,4,4,3,3,3,4.0,3,-1,3,3
04/13/2018,5,5,4,4,4,5.0,-1,1,4,-1
04/16/2018,6,6,5,5,-1,6.0,1,-1,5,1
04/17/2018,7,7,6,6,1,7.0,2,-2,6,2
04/18/2018,8,-1,7,7,2,8.0,3,1,7,3
04/19/2018,-1,-2,8,8,-1,9.0,4,2,-1,4
04/20/2018,-2,-3,-1,-1,-2,-1.0,5,-1,-2,-1
04/23/2018,-3,-4,1,1,-3,-2.0,-1,-2,-3,-2
04/24/2018,-4,-5,-1,-1,-4,-3.0,-2,-3,1,-3
04/25/2018,-5,-6,-2,-2,-5,-4.0,-3,-4,-1,-4
04/26/2018,-6,1,1,1,-6,1.0,1,1,1,-5
04/27/2018,-7,-1,2,2,1,2.0,2,2,2,1
04/30/2018,1,-2,-1,-1,2,3.0,3,3,3,-1
05/01/2018,2,1,1,1,-1,4.0,4,4,4,1
05/02/2018,3,-1,-1,-1,-2,5.0,5,5,5,2
05/03/2018,4,-2,-2,1,-3,6.0,6,-1,-1,3
05/04/2018,5,1,1,2,1,7.0,7,1,1,4
05/07/2018,6,2,2,3,2,8.0,8,2,2,5
05/08/2018,7,3,3,4,3,9.0,9,3,3,6
05/09/2018,8,-1,4,5,4,10.0,10,4,4,7
05/10/2018,9,1,5,6,5,11.0,11,5,5,8
05/11/2018,10,-1,6,7,6,12.0,12,-1,6,9
05/14/2018,11,-2,7,-1,7,13.0,-1,-2,7,10
05/15/2018,-1,-3,-1,-2,8,-1.0,-2,-3,8,11
05/16/2018,1,1,-2,-3,9,-2.0,-3,-4,9,12
05/17/2018,-1,2,-3,-4,10,-3.0,-4,-5,10,13
05/18/2018,-2,3,-4,-5,11,-4.0,-5,-6,11,14
05/21/2018,1,4,1,-6,12,1.0,1,1,12,-1
05/22/2018,-1,-1,2,-7,13,-1.0,-1,-1,13,-2
05/23/2018,1,1,3,-8,14,1.0,1,-2,14,1
05/24/2018,2,2,4,-9,15,2.0,2,-3,15,2
05/25/2018,3,3,5,-10,16,-1.0,3,-4,16,3
05/29/2018,-1,-1,-1,-11,-1,1.0,4,1,17,4
05/30/2018,-2,1,1,-12,-2,2.0,5,2,18,5
05/31/2018,-3,-1,2,-13,-3,3.0,6,-1,19,6
06/01/2018,1,-2,3,1,1,4.0,7,1,20,7
06/04/2018,2,1,4,2,2,5.0,8,2,21,8
06/05/2018,3,-1,5,3,3,6.0,9,-1,22,9
06/06/2018,4,1,6,4,4,-1.0,10,1,23,10
06/07/2018,5,2,-1,-1,5,-2.0,11,2,-1,11
06/08/2018,-1,-1,1,-2,6,-3.0,12,3,1,-1
06/11/2018,-2,-2,-1,1,-1,1.0,13,4,2,-2
06/12/2018,1,-3,1,2,-2,2.0,14,5,3,-3
06/13/2018,-1,-4,-1,3,-3,3.0,15,6,4,-4
06/14/2018,-2,1,1,4,-4,4.0,16,7,5,1
06/15/2018,-3,2,-1,5,1,5.0,17,8,6,-1
06/18/2018,-4,3,1,-1,-1,6.0,18,9,7,-2
06/19/2018,-5,4,2,-2,-2,7.0,19,-1,8,-3
06/20/2018,-6,-1,3,-3,-3,8.0,20,1,-1,-4
06/21/2018,-7,-2,-1,-4,-4,9.0,-1,-1,-2,-5
06/22/2018,-8,-3,-2,-5,-5,10.0,-2,-2,-3,-6
06/25/2018,-9,-4,-3,-6,-6,-1.0,-3,-3,-4,-7
06/26/2018,-10,-5,-4,-7,-7,1.0,-4,1,-5,-8
06/27/2018,-11,-6,-5,-8,-8,-1.0,-5,2,-6,-9
06/28/2018,1,-7,-6,1,-9,-2.0,1,3,-7,-10
06/29/2018,2,-8,-7,2,-10,-3.0,2,-1,-8,1
07/02/2018,3,-9,1,-1,-11,1.0,3,-2,-9,2
07/03/2018,-1,-10,-1,-2,-12,-1.0,-1,-3,-10,3
07/05/2018,1,-11,1,-3,1,1.0,1,-4,1,4
07/06/2018,2,1,2,1,2,2.0,2,-5,2,5
07/09/2018,3,2,3,-1,3,3.0,3,1,3,6
07/10/2018,4,3,4,1,4,4.0,4,2,4,-1
07/11/2018,-1,4,5,-1,-1,5.0,5,-1,5,1
07/12/2018,1,5,6,1,1,6.0,6,-2,6,2
07/13/2018,2,6,7,-1,2,7.0,7,1,-1,3
07/16/2018,3,7,8,-2,3,8.0,8,-1,1,-1
07/17/2018,4,8,9,-3,4,9.0,9,1,2,1
07/18/2018,-1,9,10,-4,5,10.0,10,2,3,2
07/19/2018,1,10,-1,1,6,-1.0,-1,-1,4,-1
07/20/2018,2,-1,1,-1,-1,1.0,-2,-2,-1,-2
07/23/2018,3,1,2,-2,1,2.0,-3,-3,1,-3
07/24/2018,4,2,3,1,-1,3.0,1,-4,-1,-4
07/25/2018,5,3,4,2,1,4.0,2,1,-2,1
07/26/2018,6,4,5,3,2,-1.0,-1,-1,1,-1
07/27/2018,-1,5,-1,-1,3,-2.0,-2,-2,2,-2
07/30/2018,-2,6,-2,-2,4,-3.0,-3,-3,3,-3
07/31/2018,-3,7,-3,-3,5,-4.0,-4,1,-1,-4
08/01/2018,1,-1,-4,-4,6,-5.0,1,2,1,-5
08/02/2018,2,-2,1,1,7,1.0,2,3,2,1
08/03/2018,3,1,2,2,8,2.0,3,4,-1,2
08/06/2018,4,2,3,3,9,3.0,4,5,1,-1
08/07/2018,5,3,4,4,10,4.0,5,6,2,-2
08/08/2018,6,-1,5,5,-1,5.0,6,7,3,-3
08/09/2018,7,1,6,6,-2,6.0,7,-1,-1,-4
08/10/2018,8,-1,-1,7,-3,-1.0,8,-2,-2,-5
08/13/2018,9,1,-2,8,-4,-2.0,9,1,1,-6
08/14/2018,10,2,1,9,1,-3.0,10,-1,2,-7
08/15/2018,11,3,-1,10,2,-4.0,-1,-2,3,-8
08/16/2018,12,4,-2,11,3,-5.0,-2,-3,-1,-9
08/17/2018,13,5,-3,12,4,-6.0,-3,-4,1,-10
08/20/2018,14,6,-4,13,5,-7.0,-4,-5,2,1
08/21/2018,15,7,-5,14,6,-8.0,1,1,3,2
08/22/2018,16,-1,1,15,7,-9.0,2,2,4,3
08/23/2018,17,-2,2,16,8,-10.0,3,-1,5,4
08/24/2018,18,-3,3,17,9,1.0,4,1,6,5
08/27/2018,19,1,4,18,10,2.0,5,-1,7,6
08/28/2018,20,2,5,19,11,3.0,6,-2,8,7
08/29/2018,21,3,6,20,12,4.0,7,-3,9,8
08/30/2018,22,4,7,21,-1,5.0,8,-4,10,9
08/31/2018,23,5,8,22,1,-1.0,9,-5,11,10
09/04/2018,24,6,9,23,2,-2.0,10,-6,12,11
09/05/2018,25,7,-1,-1,3,-3.0,-1,-7,13,-1
09/06/2018,-1,8,-2,-2,4,-4.0,-2,-8,14,-2
09/07/2018,-2,9,-3,-3,5,-5.0,-3,-9,-1,-3
09/10/2018,-3,10,1,-4,6,-6.0,-4,1,1,-4
09/11/2018,1,11,2,-5,7,1.0,1,-1,2,1
09/12/2018,-1,12,3,-6,8,-1.0,2,1,3,2
09/13/2018,1,13,4,1,9,-2.0,3,2,4,-1
09/14/2018,2,-1,5,2,10,-3.0,-1,3,5,1
09/17/2018,-1,-2,-1,-1,-1,-4.0,-2,4,6,-1
09/18/2018,-2,1,1,1,1,-5.0,-3,-1,7,1
09/19/2018,-3,2,-1,-1,2,1.0,-4,1,-1,-1
09/20/2018,1,3,1,1,3,2.0,1,2,-2,-2
09/21/2018,-1,4,2,2,-1,-1.0,-1,3,-3,-3
09/24/2018,1,5,3,3,-2,1.0,1,4,1,-4
09/25/2018,2,6,4,4,-3,2.0,2,5,2,1
09/26/2018,-1,7,-1,5,-4,3.0,3,6,3,-1
09/27/2018,1,8,1,6,-5,4.0,4,7,4,1
09/28/2018,2,-1,2,7,-6,-1.0,5,-1,-1,2
10/01/2018,3,-2,3,8,1,-2.0,6,1,-2,3
10/02/2018,4,-3,4,9,2,-3.0,-1,2,-3,4
10/03/2018,5,-4,5,10,-1,-4.0,-2,-1,-4,5
10/04/2018,-1,1,-1,-1,-2,-5.0,-3,-2,-5,6
10/05/2018,-2,-1,-2,-2,-3,-6.0,-4,-3,-6,-1
10/08/2018,-3,1,-3,-3,-4,-7.0,-5,-4,-7,-2
10/09/2018,1,2,-4,-4,-5,-8.0,-6,-5,-8,1
10/10/2018,-1,-1,-5,-5,-6,-9.0,-7,-6,-9,2
10/11/2018,-2,-2,-6,-6,-7,-10.0,-8,-7,-10,3
10/12/2018,1,1,1,-7,-8,-11.0,-9,1,1,4
10/15/2018,-1,2,-1,-8,-9,-12.0,-10,2,2,5
10/16/2018,1,3,1,1,1,1.0,1,3,3,6
10/17/2018,2,4,2,2,2,2.0,2,4,4,-1
10/18/2018,-1,5,-1,-1,-1,-1.0,-1,-1,-1,-2
10/19/2018,1,6,-2,-2,-2,-2.0,-2,-2,-2,-3
10/22/2018,2,7,1,1,1,-3.0,1,-3,-3,-4
10/23/2018,3,8,-1,-1,2,-4.0,-1,1,-4,-5
10/24/2018,-1,-1,-2,-2,-1,-5.0,-2,2,-5,-6
10/25/2018,1,1,1,1,-2,-6.0,1,3,-6,-7
10/26/2018,-1,-1,-1,-1,-3,-7.0,-1,4,-7,-8
10/29/2018,-2,-2,-2,-2,-4,-8.0,-2,5,-8,-9
10/30/2018,-3,1,-3,1,1,1.0,-3,6,-9,-10
10/31/2018,1,-1,1,2,-1,2.0,1,7,-10,-11
11/01/2018,2,1,2,3,1,3.0,2,8,1,-12
11/02/2018,-1,2,3,4,2,4.0,3,9,2,1
11/05/2018,-2,3,4,5,3,-1.0,-1,10,3,-1
11/06/2018,-3,4,5,6,4,1.0,1,11,4,-2
11/07/2018,1,5,6,7,-1,2.0,2,12,5,1
11/08/2018,2,6,7,8,-2,-1.0,3,13,6,2
11/09/2018,-1,7,-1,-1,-3,-2.0,-1,14,7,-1
11/12/2018,-2,8,-2,-2,-4,-3.0,-2,-1,-1,-2
11/13/2018,-3,-1,-3,-3,-5,-4.0,-3,-2,-2,-3
11/14/2018,-4,-2,-4,-4,-6,1.0,-4,1,1,-4
11/15/2018,-5,1,1,1,1,-1.0,-5,2,2,1
11/16/2018,1,2,2,2,2,-2.0,-6,3,-1,2
11/19/2018,-1,3,-1,-1,-1,-3.0,-7,4,-2,-1
11/20/2018,-2,-1,-2,-2,-2,-4.0,-8,-1,-3,-2
11/21/2018,-3,-2,-3,-3,1,-5.0,-9,-2,-4,-3
11/23/2018,-4,-3,-4,-4,2,-6.0,-10,-3,1,-4
11/26/2018,-5,-4,1,1,3,1.0,1,1,2,1
11/27/2018,-6,-5,2,2,4,2.0,2,2,3,-1
11/28/2018,1,1,3,3,5,3.0,3,3,4,1
11/29/2018,2,2,4,4,6,4.0,4,-1,5,2
11/30/2018,3,3,5,5,7,5.0,5,1,6,3
12/03/2018,4,4,6,6,8,6.0,6,2,7,4
12/04/2018,-1,-1,-1,-1,-1,-1.0,-1,3,-1,-1
12/06/2018,-2,-2,-2,1,-2,1.0,1,4,-2,1
12/07/2018,-3,-3,-3,-1,-3,-1.0,-1,5,-3,-1
12/10/2018,-4,-4,-4,-2,1,1.0,-2,6,-4,1
12/11/2018,-5,-5,1,-3,2,2.0,-3,7,-5,2
12/12/2018,-6,1,2,1,3,3.0,1,8,1,3
12/13/2018,1,2,3,2,4,4.0,2,9,-1,4
12/14/2018,-1,-1,-1,-1,-1,5.0,-1,-1,-2,5
12/17/2018,-2,-2,-2,-2,-2,-1.0,-2,-2,-3,-1
12/18/2018,-3,-3,-3,-3,1,1.0,-3,-3,-4,-2
12/19/2018,-4,-4,-4,-4,-1,-1.0,-4,-4,-5,-3
12/20/2018,-5,-5,-5,-5,-2,-2.0,-5,-5,-6,-4
12/21/2018,-6,-6,-6,-6,-3,-3.0,-6,-6,-7,-5
12/24/2018,-7,-7,-7,-7,-4,-4.0,-7,-7,-8,-6
12/26/2018,1,1,1,1,1,1.0,1,1,1,1
12/27/2018,2,2,2,2,2,2.0,2,-1,-1,2
12/28/2018,3,3,3,3,3,3.0,3,1,1,3
12/31/2018,4,4,4,4,4,-1.0,4,2,2,4
01/02/2019,5,5,5,5,5,1.0,5,-1,3,5
01/03/2019,-1,-1,-1,-1,-1,-1.0,-1,-2,-1,6
01/04/2019,-2,1,1,1,1,1.0,1,1,1,7
01/07/2019,-3,2,2,2,-1,2.0,2,2,2,8
01/08/2019,1,3,3,3,-2,3.0,3,3,3,9
01/09/2019,2,4,4,4,1,4.0,4,4,4,10
01/10/2019,3,5,5,5,2,5.0,5,5,-1,11
01/11/2019,4,-1,-1,6,3,6.0,6,6,1,12
01/14/2019,-1,-2,-2,-1,4,7.0,-1,-1,2,-1
01/15/2019,1,1,1,1,-1,8.0,1,1,3,1
01/16/2019,2,-1,2,2,-2,9.0,2,2,-1,2
01/17/2019,3,1,3,3,-3,10.0,3,3,1,3
01/18/2019,4,2,4,4,-4,11.0,4,-1,2,-1
01/22/2019,-1,3,-1,5,-5,-1.0,-1,-2,-1,1
01/23/2019,-2,4,1,6,-6,-2.0,-2,-3,-2,-1
01/24/2019,-3,-1,-1,7,-7,-3.0,1,-4,1,1
01/25/2019,1,1,1,8,-8,1.0,2,-5,2,2
01/28/2019,2,2,-1,9,-9,2.0,-1,-6,-1,3
01/29/2019,-1,3,-2,10,-10,-1.0,-2,-7,-2,4
01/30/2019,1,4,1,11,-11,1.0,1,1,1,5
01/31/2019,2,5,-1,12,-12,2.0,2,2,2,6
02/01/2019,3,6,-2,13,-13,3.0,-1,3,3,7
02/04/2019,4,-1,1,14,-14,4.0,-2,4,4,8
02/05/2019,5,1,2,15,1,5.0,1,5,-1,9
02/06/2019,6,2,3,16,2,6.0,-1,6,-2,-1
02/07/2019,-1,3,-1,-1,3,-1.0,-2,-1,-3,1
02/08/2019,-2,4,1,1,-1,-2.0,-3,-2,-4,2
02/11/2019,-3,5,-1,2,1,-3.0,-4,1,-5,3
02/12/2019,1,6,1,3,2,-4.0,1,2,-6,4
02/13/2019,-1,7,2,-1,3,-5.0,2,-1,-7,5
02/14/2019,1,8,3,1,4,-6.0,-1,-2,1,6
02/15/2019,-1,9,4,2,5,-7.0,-2,1,2,7
02/19/2019,1,-1,5,3,6,-8.0,1,-1,3,8
02/20/2019,2,1,-1,4,7,-9.0,2,-2,4,9
02/21/2019,-1,2,1,5,8,-10.0,-1,-3,5,-1
02/22/2019,1,3,2,6,9,1.0,1,-4,6,1
02/25/2019,2,4,3,7,10,2.0,2,1,7,2
02/26/2019,3,5,4,8,11,3.0,3,-1,-1,3
02/27/2019,4,-1,5,9,12,-1.0,4,1,-2,4
02/28/2019,-1,-2,6,10,13,-2.0,5,2,-3,5
03/01/2019,1,1,7,11,14,-3.0,6,-1,-4,6
03/04/2019,2,2,8,-1,15,1.0,7,-2,-5,-1
03/05/2019,3,3,-1,1,16,2.0,8,-3,-6,-2
03/06/2019,-1,4,-2,2,17,3.0,-1,-4,-7,-3
03/07/2019,-2,-1,-3,-1,-1,-1.0,-2,-5,-8,-4
03/08/2019,-3,-2,-4,-2,-2,1.0,-3,1,-9,-5
03/11/2019,1,-3,1,1,1,2.0,1,2,1,1
03/12/2019,2,-4,2,2,2,3.0,2,-1,2,2
03/13/2019,3,1,3,3,3,4.0,3,1,3,3
03/14/2019,4,2,4,4,4,-1.0,4,2,-1,4
03/15/2019,5,3,5,5,5,-2.0,5,-1,1,5
03/18/2019,6,4,6,6,6,-3.0,6,-2,2,6
03/19/2019,7,5,7,7,7,-4.0,7,-3,3,-1
03/20/2019,8,6,8,8,8,1.0,8,1,4,1
03/21/2019,9,7,9,9,9,2.0,9,2,5,2
03/22/2019,10,8,-1,-1,-1,-1.0,-1,-1,6,-1
03/25/2019,-1,9,-2,-2,-2,1.0,-2,-2,-1,-2
03/26/2019,-2,10,1,1,1,2.0,1,1,-2,1
03/27/2019,-3,11,-1,2,-1,-1.0,-1,2,-3,-1
03/28/2019,1,12,-2,3,-2,-2.0,1,3,-4,-2
03/29/2019,2,13,1,4,1,1.0,2,4,1,1
04/01/2019,3,14,2,5,2,2.0,3,5,2,2
04/02/2019,4,15,3,6,3,3.0,4,6,3,3
04/03/2019,5,16,4,7,4,4.0,5,7,4,4
04/04/2019,6,17,5,8,5,5.0,6,-1,5,-1
04/05/2019,7,18,6,9,6,6.0,7,-2,6,-2
04/08/2019,8,19,7,10,-1,7.0,8,-3,7,1
04/09/2019,9,20,-1,-1,-2,8.0,9,-4,-1,2
04/10/2019,10,21,1,1,-3,9.0,10,1,-2,3
04/11/2019,-1,22,2,2,-4,10.0,11,-1,-3,4
04/12/2019,-2,23,3,3,1,11.0,12,-2,-4,5
04/15/2019,1,24,4,4,2,12.0,13,-3,-5,-1
04/16/2019,2,-1,5,5,3,13.0,14,1,1,-2
04/17/2019,3,-2,6,-1,4,14.0,15,2,-1,-3
04/18/2019,4,1,7,1,5,-1.0,16,3,1,1
04/22/2019,5,-1,8,-1,6,1.0,17,-1,2,2
04/23/2019,6,1,9,1,7,2.0,18,-2,3,3
04/24/2019,7,2,10,2,8,3.0,19,-3,4,4
04/25/2019,-1,3,11,-1,9,4.0,20,-4,-1,-1
04/26/2019,-2,4,12,-2,10,5.0,21,-5,-2,1
04/29/2019,-3,5,13,-3,11,6.0,22,-6,-3,2
04/30/2019,-4,6,14,-4,12,7.0,-1,-7,-4,3
05/01/2019,1,7,-1,-5,13,8.0,-2,-8,-5,-1
05/02/2019,2,8,-2,-6,14,9.0,-3,1,1,1
05/03/2019,3,9,1,-7,15,10.0,1,2,2,2
05/06/2019,-1,10,-1,-8,16,11.0,2,3,-1,3
05/07/2019,-2,11,-2,-9,-1,-1.0,-1,-1,-2,4
05/08/2019,-3,12,-3,-10,-2,-2.0,-2,-2,-3,5
05/09/2019,-4,-1,-4,-11,-3,-3.0,-3,-3,-4,-1
05/10/2019,-5,1,1,-12,1,-4.0,-4,-4,1,-2
05/13/2019,-6,-1,-1,-13,-1,-5.0,-5,-5,-1,-3
05/14/2019,-7,-2,-2,-14,1,-6.0,-6,-6,1,1
05/15/2019,-8,1,1,1,2,1.0,1,-7,2,2
05/16/2019,-9,2,2,2,-1,2.0,2,-8,3,3
05/17/2019,-10,3,3,3,-2,-1.0,-1,-9,-1,4
05/20/2019,-11,-1,-1,4,-3,-2.0,-2,-10,-2,-1
05/21/2019,-12,-2,1,5,-4,1.0,-3,-11,1,1
05/22/2019,-13,-3,2,-1,-5,2.0,-4,-12,2,2
05/23/2019,-14,-4,-1,-2,-6,-1.0,-5,-13,-1,-1
05/24/2019,-15,-5,-2,-3,-7,-2.0,-6,-14,-2,-2
05/28/2019,-16,-6,-3,-4,-8,1.0,1,-15,1,1
05/29/2019,-17,-7,-4,-5,-9,-1.0,-1,-16,2,2
05/30/2019,-18,1,-5,-6,-10,1.0,-2,-17,3,3
05/31/2019,-19,2,-6,-7,-11,-1.0,-3,-18,-1,4
06/03/2019,-20,3,-7,-8,-12,-2.0,-4,-19,-2,-1
06/04/2019,1,4,1,1,1,-3.0,-5,1,1,1
06/05/2019,2,5,2,2,-1,-4.0,-6,2,2,2
06/06/2019,3,6,3,3,1,-5.0,1,3,3,3
06/07/2019,4,7,4,4,2,1.0,2,4,4,4
06/10/2019,5,8,5,5,3,2.0,3,5,5,-1
06/11/2019,6,9,6,6,4,3.0,4,6,6,-2
06/12/2019,7,10,7,-1,-1,4.0,5,-1,7,-3
06/13/2019,8,11,8,1,1,5.0,6,1,-1,-4
06/14/2019,-1,12,9,-1,-1,6.0,7,2,-2,-5
06/17/2019,1,-1,10,-2,-2,7.0,8,3,-3,-6
06/18/2019,2,-2,11,1,1,8.0,9,4,1,-7
06/19/2019,3,1,12,2,2,9.0,10,5,2,-8
06/20/2019,4,2,13,3,3,10.0,11,-1,-1,-9
06/21/2019,5,-1,14,4,4,11.0,12,1,-2,-10
06/24/2019,6,-2,15,5,5,12.0,13,2,-3,-11
06/25/2019,-1,1,-1,-1,6,-1.0,-1,-1,-4,-12
06/26/2019,1,-1,-2,1,7,-2.0,1,-2,1,-13
06/27/2019,2,-2,-3,-1,8,1.0,2,1,2,1
06/28/2019,-1,1,-4,-2,9,2.0,-1,2,3,2
07/01/2019,1,2,1,-3,10,3.0,1,3,4,3
07/02/2019,2,3,2,1,11,4.0,2,4,5,4
07/03/2019,3,4,3,2,12,5.0,3,5,6,5
07/05/2019,4,5,4,3,13,6.0,4,6,7,6
07/08/2019,-1,6,5,4,14,7.0,5,-1,8,-1
07/09/2019,-2,7,-1,5,-1,8.0,6,-2,9,1
07/10/2019,1,8,1,6,-2,9.0,7,1,10,2
07/11/2019,-1,9,2,7,-3,10.0,8,2,11,3
07/12/2019,1,10,3,8,1,11.0,9,3,12,4
07/15/2019,2,11,4,9,2,12.0,10,4,13,5
07/16/2019,3,12,-1,10,3,13.0,11,5,14,6
07/17/2019,-1,13,-2,-1,4,-1.0,-1,6,-1,-1
07/18/2019,1,14,-3,1,-1,-2.0,-2,7,-2,1
07/19/2019,-1,-1,-4,-1,-2,-3.0,-3,8,-3,2
07/22/2019,1,1,1,1,1,1.0,1,9,-4,3
07/23/2019,2,-1,2,2,-1,2.0,2,10,1,-1
07/24/2019,3,1,3,-1,1,3.0,3,11,2,1
07/25/2019,-1,2,4,-2,2,-1.0,-1,-1,3,2
07/26/2019,1,3,5,-3,-1,-2.0,-2,-2,4,3
07/29/2019,2,4,6,1,-2,-3.0,-3,-3,-1,4
07/30/2019,3,5,-1,-1,-3,-4.0,-4,1,1,5
07/31/2019,4,-1,-2,-2,-4,-5.0,-5,2,-1,-1
08/01/2019,-1,-2,-3,-3,-5,-6.0,-6,-1,-2,-2
08/02/2019,-2,1,-4,-4,-6,-7.0,-7,-2,-3,-3
08/05/2019,-3,-1,-5,-5,-7,-8.0,-8,-3,-4,-4
08/06/2019,-4,1,-6,-6,-8,-9.0,-9,-4,-5,-5
08/07/2019,-5,2,1,-7,-9,-10.0,-10,1,-6,-6
08/08/2019,1,3,2,1,1,1.0,1,2,1,1
08/09/2019,-1,4,3,-1,2,2.0,-1,3,2,-1
08/12/2019,-2,-1,-1,-2,-1,-1.0,-2,-1,3,-2
08/13/2019,1,1,1,1,1,1.0,1,1,-1,-3
08/14/2019,-1,-1,-1,-1,-1,-1.0,-1,-1,-2,-4
08/15/2019,-2,-2,-2,-2,1,-2.0,-2,-2,-3,-5
08/16/2019,1,1,1,-3,2,1.0,1,-3,1,-6
08/19/2019,2,2,2,1,3,2.0,2,1,2,-7
08/20/2019,3,-1,3,-1,4,-1.0,3,2,-1,1
08/21/2019,4,1,4,1,5,-2.0,4,-1,1,2
08/22/2019,5,2,5,-1,6,-3.0,-1,-2,2,-1
08/23/2019,-1,-1,-1,-2,-1,-4.0,-2,-3,-1,-2
08/26/2019,-2,1,-2,-3,-2,-5.0,-3,-4,-2,-3
08/27/2019,-3,2,-3,-4,-3,1.0,-4,-5,-3,1
08/28/2019,-4,3,-4,-5,1,2.0,-5,-6,1,2
08/29/2019,1,4,1,1,2,3.0,1,1,2,3
08/30/2019,2,-1,2,-1,3,4.0,2,2,3,-1
09/03/2019,-1,-2,-1,-2,-1,-1.0,3,3,-1,-2
09/04/2019,1,-3,1,1,1,1.0,4,-1,-2,-3
09/05/2019,2,-4,2,2,2,2.0,5,1,1,-4
09/06/2019,3,-5,3,3,3,3.0,6,2,-1,1
09/09/2019,4,-6,-1,4,4,4.0,7,3,-2,2
09/10/2019,5,-7,-2,5,5,-1.0,-1,4,-3,-1
09/11/2019,6,-8,-3,6,6,1.0,1,5,-4,1
09/12/2019,7,-9,1,7,7,-1.0,2,6,-5,2
09/13/2019,-1,-10,2,8,-1,-2.0,3,7,1,3
09/16/2019,1,-11,-1,9,-2,-3.0,-1,8,2,4
09/17/2019,2,1,1,-1,1,1.0,-2,9,3,5
09/18/2019,3,2,2,-2,2,2.0,-3,-1,-1,6
09/19/2019,-1,3,3,-3,-1,3.0,1,1,-2,7
09/20/2019,-2,-1,4,1,-2,4.0,-1,-1,-3,8
09/23/2019,-3,1,-1,-1,-3,-1.0,-2,-2,1,9
09/24/2019,-4,-1,-2,-2,-4,-2.0,-3,-3,-1,-1
09/25/2019,1,-2,1,1,1,-3.0,-4,-4,-2,-2
09/26/2019,2,-3,2,-1,2,-4.0,-5,1,-3,-3
09/27/2019,-1,-4,-1,-2,-1,-5.0,-6,2,-4,-4
09/30/2019,1,-5,1,1,-2,-6.0,-7,3,-5,-5
10/01/2019,2,-6,-1,-1,-3,-7.0,-8,4,-6,-6
10/02/2019,-1,-7,-2,-2,-4,-8.0,-9,5,-7,-7
10/03/2019,-2,-8,-3,-3,1,1.0,-10,-1,-8,1
10/04/2019,1,1,1,1,2,2.0,1,-2,1,2
10/07/2019,2,2,-1,2,3,3.0,2,1,2,3
10/08/2019,-1,-1,-2,-1,-1,-1.0,-1,2,-1,4
10/09/2019,1,1,1,-2,-2,1.0,1,3,-2,5
10/10/2019,2,2,2,-3,1,2.0,-1,4,-3,6
10/11/2019,3,3,3,-4,2,3.0,1,5,1,7
10/14/2019,4,4,4,-5,3,4.0,2,6,2,8
10/15/2019,5,5,5,-6,4,5.0,3,7,3,9
10/16/2019,6,6,6,1,5,6.0,4,8,4,10
10/17/2019,7,-1,-1,2,6,7.0,5,9,5,11
10/18/2019,8,-2,-2,-1,-1,-1.0,-1,-1,6,12
10/21/2019,9,-3,-3,1,1,1.0,1,-2,7,13
10/22/2019,10,-4,-4,2,2,-1.0,-1,-3,8,-1
10/23/2019,11,-5,-5,-1,-1,1.0,-2,-4,-1,-2
10/24/2019,12,-6,1,-2,1,2.0,1,1,1,1
10/25/2019,13,-7,2,1,2,3.0,-1,2,2,2
10/28/2019,14,1,3,2,3,4.0,1,3,3,3
10/29/2019,-1,2,4,3,4,5.0,-1,4,4,-1
10/30/2019,-2,3,5,4,5,-1.0,1,5,5,1
10/31/2019,1,4,6,5,-1,1.0,2,6,6,2
11/01/2019,2,-1,7,-1,1,2.0,3,-1,7,3
11/04/2019,3,-2,8,1,2,3.0,4,1,8,4
11/05/2019,4,-3,9,2,3,4.0,5,2,9,5
11/06/2019,5,1,-1,3,4,-1.0,6,3,10,6
11/07/2019,6,-1,1,4,5,-2.0,-1,4,11,-1
11/08/2019,7,-2,2,5,6,-3.0,-2,5,12,1
11/11/2019,8,1,3,-1,7,-4.0,-3,6,13,2
11/12/2019,9,2,4,1,8,1.0,-4,7,14,3
11/13/2019,10,3,5,2,-1,2.0,-5,8,15,4
11/14/2019,11,4,6,-1,-2,3.0,-6,9,16,5
11/15/2019,12,5,7,-2,1,4.0,-7,10,17,-1
11/18/2019,13,6,8,-3,-1,5.0,-8,11,18,-2
11/19/2019,14,-1,9,-4,-2,6.0,-9,12,19,1
11/20/2019,-1,-2,10,-5,-3,7.0,-10,-1,20,-1
11/21/2019,-2,-3,-1,-6,-4,8.0,-11,1,-1,-2
11/22/2019,-3,-4,1,-7,-5,9.0,1,-1,-2,-3
11/25/2019,1,1,2,1,-6,10.0,2,-2,1,1
11/26/2019,2,2,3,2,-7,11.0,3,-3,-1,2
11/27/2019,3,3,4,-1,-8,12.0,4,-4,-2,3
11/29/2019,4,4,-1,1,-9,13.0,5,-5,-3,4
12/02/2019,-1,-1,-2,-1,-10,-1.0,-1,1,-4,-1
12/03/2019,-2,1,-3,-2,-11,-2.0,-2,2,-5,-2
12/04/2019,-3,2,-4,-3,-12,-3.0,-3,-1,1,1
12/05/2019,1,-1,-5,-4,1,1.0,-4,-2,2,2
12/06/2019,2,1,1,-5,2,2.0,-5,1,3,3
12/09/2019,3,2,2,-6,3,3.0,-6,2,-1,-1
12/10/2019,4,3,3,1,4,4.0,-7,3,1,-2
12/11/2019,5,4,4,2,5,5.0,1,4,2,-3
12/12/2019,6,5,5,3,6,-1.0,2,5,3,1
12/13/2019,7,6,6,4,7,-2.0,3,6,4,2
12/16/2019,8,7,7,5,8,1.0,4,7,5,3
12/17/2019,9,8,8,6,9,2.0,5,8,6,4
12/18/2019,10,-1,9,7,10,3.0,6,9,7,5
12/19/2019,11,1,10,8,11,4.0,7,10,8,6
12/20/2019,12,2,11,9,12,5.0,8,11,9,-1
12/23/2019,13,-1,12,10,13,6.0,9,12,10,1
12/24/2019,14,1,13,11,14,7.0,10,13,11,2
12/26/2019,15,-1,14,12,-1,8.0,11,14,12,3
12/27/2019,16,-2,15,13,1,9.0,12,15,13,-1
12/30/2019,17,-3,-1,-1,-1,-1.0,13,-1,-1,-2
12/31/2019,18,1,-2,1,-2,-2.0,14,-2,1,-3
01/02/2020,19,2,1,2,1,1.0,15,1,2,-4
01/03/2020,20,3,-1,-1,-1,2.0,16,2,3,1
01/06/2020,21,-1,1,-2,-2,3.0,17,3,4,2
01/07/2020,22,-2,-1,-3,1,4.0,18,4,5,3
01/08/2020,23,1,1,-4,2,5.0,-1,5,-1,4
01/09/2020,24,2,2,-5,3,6.0,1,6,1,5
01/10/2020,25,3,3,-6,4,7.0,-1,7,-1,6
01/13/2020,26,4,4,1,5,8.0,1,8,1,7
01/14/2020,27,5,5,2,6,9.0,-1,9,-1,8
01/15/2020,-1,6,6,3,-1,10.0,-2,10,1,9
01/16/2020,1,7,7,4,1,11.0,1,-1,2,10
01/17/2020,2,8,8,5,2,12.0,-1,-2,3,-1
01/21/2020,3,9,9,6,3,13.0,1,1,4,-2
01/22/2020,4,10,-1,7,-1,14.0,2,2,5,-3
01/23/2020,5,11,1,8,-2,-1.0,3,3,6,-4
01/24/2020,6,-1,-1,-1,-3,-2.0,-1,4,-1,-5
01/27/2020,-1,-2,-2,-2,-4,-3.0,-2,-1,-2,-6
01/28/2020,1,-3,1,-3,-5,1.0,-3,1,1,-7
01/29/2020,2,-4,2,-4,-6,2.0,1,2,-1,-8
01/30/2020,3,-5,3,-5,-7,-1.0,2,3,-2,-9
01/31/2020,-1,-6,4,-6,-8,-2.0,3,4,-3,-10
02/03/2020,-2,-7,5,-7,-9,-3.0,4,5,-4,-11
02/04/2020,1,1,6,1,1,1.0,5,6,1,1
02/05/2020,2,2,7,2,2,2.0,6,-1,2,-1
02/06/2020,3,-1,8,3,3,3.0,7,-2,3,1
02/07/2020,-1,-2,9,-1,-1,4.0,8,-3,4,2
02/10/2020,1,1,10,1,-2,5.0,9,1,5,3
02/11/2020,-1,2,11,2,1,-1.0,10,2,6,4
02/12/2020,1,3,12,3,2,1.0,11,3,7,5
02/13/2020,2,4,-1,-1,-1,2.0,12,4,8,6
02/14/2020,3,5,1,-2,-2,3.0,-1,5,9,7
02/18/2020,-1,6,2,-3,-3,4.0,1,6,10,8
02/19/2020,1,7,3,-4,1,5.0,2,7,11,9
02/20/2020,-1,-1,-1,-5,-1,-1.0,-1,8,12,10
02/21/2020,-2,-2,-2,-6,-2,-2.0,-2,9,-1,11
02/24/2020,-3,-3,-3,-7,-3,-3.0,-3,-1,-2,-1
02/25/2020,-4,-4,-4,-8,-4,-4.0,-4,-2,-3,-2
02/26/2020,-5,-5,-5,-9,-5,-5.0,-5,-3,-4,-3
02/27/2020,-6,-6,-6,-10,-6,-6.0,-6,-4,-5,-4
02/28/2020,-7,-7,-7,-11,-7,-7.0,-7,-5,-6,-5
03/02/2020,1,1,1,-12,1,1.0,1,1,1,1
03/03/2020,2,-1,-1,-13,-1,-1.0,-1,2,-1,2
03/04/2020,3,-2,1,1,1,1.0,1,3,1,3
03/05/2020,-1,-3,-1,-1,-1,-1.0,-1,-1,-1,4
03/06/2020,-2,-4,-2,-2,-2,-2.0,-2,-2,1,-1
03/09/2020,-3,-5,-3,-3,-3,-3.0,-3,-3,-1,-2
03/10/2020,1,1,1,1,1,-4.0,1,-4,-2,-3
03/11/2020,-1,-1,-1,-1,-1,-5.0,-1,-5,-3,-4
03/12/2020,-2,-2,-2,-2,-2,-6.0,-2,-6,-4,-5
03/13/2020,1,1,1,1,1,1.0,1,-7,1,1
03/16/2020,-1,-1,-1,-1,-1,-1.0,-1,-8,-1,-1
03/17/2020,-2,-2,1,-2,-2,-2.0,1,-9,1,-2
03/18/2020,-3,-3,-1,1,-3,-3.0,2,-10,-1,1
03/19/2020,-4,1,-2,2,-4,1.0,3,-11,-2,2
03/20/2020,-5,-1,-3,-1,-5,-1.0,4,-12,-3,-1
03/23/2020,-6,-2,-4,-2,-6,-2.0,5,1,1,1
03/24/2020,1,1,1,1,1,1.0,6,2,2,2
03/25/2020,2,2,2,2,-1,2.0,-1,3,3,-1
03/26/2020,3,3,3,3,1,3.0,1,4,4,1
03/27/2020,-1,4,4,4,2,-1.0,-1,5,5,2
03/30/2020,1,5,5,5,3,1.0,1,-1,6,3
03/31/2020,2,-1,6,-1,4,2.0,2,1,-1,4
04/01/2020,-1,-2,-1,-2,-1,-1.0,-1,-1,-2,5
04/02/2020,-2,1,1,1,1,-2.0,-2,-2,-3,-1
04/03/2020,-3,-1,-1,-1,-1,-3.0,-3,-3,-4,-2
04/06/2020,1,1,1,1,1,1.0,1,1,1,1
04/07/2020,2,2,2,2,2,2.0,2,2,2,-1
04/08/2020,3,3,3,3,3,3.0,3,3,3,1
04/09/2020,4,4,4,4,4,4.0,4,4,4,2
04/13/2020,5,5,5,5,5,5.0,5,5,5,3
04/14/2020,6,6,6,6,6,6.0,6,6,6,4
04/15/2020,7,7,7,-1,7,7.0,7,7,7,5
04/16/2020,8,8,8,-2,8,8.0,8,8,8,6
04/17/2020,9,9,9,1,9,9.0,9,9,9,7
04/20/2020,-1,10,10,2,-1,10.0,10,10,10,8
04/21/2020,-2,-1,-1,-1,-2,-1.0,-1,-1,-1,-1
04/22/2020,1,1,1,1,1,1.0,1,1,1,-2
04/23/2020,-1,-1,-1,-1,-1,2.0,2,-1,2,-3
04/24/2020,1,1,1,1,1,3.0,3,1,3,1
04/27/2020,2,2,2,2,2,4.0,-1,2,4,2
04/28/2020,-1,3,-1,3,-1,-1.0,-2,3,-1,-1
04/29/2020,1,-1,1,4,1,1.0,1,4,-2,1
04/30/2020,2,-2,2,-1,2,2.0,2,5,-3,-1
05/01/2020,3,-3,-1,-2,-1,3.0,-1,-1,-4,-2
05/04/2020,4,-4,1,-3,-2,4.0,-2,1,1,1
05/05/2020,5,-5,2,-4,1,5.0,-3,2,-1,2
05/06/2020,6,-6,3,-5,2,6.0,1,3,-2,3
05/07/2020,7,1,4,-6,3,7.0,2,4,-3,-1
05/08/2020,8,2,5,1,4,8.0,3,5,1,1
05/11/2020,9,3,6,2,5,9.0,4,6,2,2
05/12/2020,10,-1,-1,3,-1,-1.0,-1,7,-1,-1
05/13/2020,-1,-2,-2,-1,-2,-2.0,-2,-1,-2,-2
05/14/2020,1,-3,-3,1,1,-3.0,1,1,1,1
05/15/2020,-1,-4,1,2,-1,1.0,2,-1,2,2
05/18/2020,1,1,2,3,1,2.0,3,1,3,3
05/19/2020,2,2,3,4,-1,3.0,4,2,4,4
05/20/2020,3,3,4,5,1,4.0,5,3,5,5
05/21/2020,4,4,-1,-1,-1,5.0,-1,4,-1,6
05/22/2020,5,5,-2,1,-2,6.0,-2,-1,1,7
05/26/2020,-1,6,-3,2,-3,7.0,-3,1,-1,-1
05/27/2020,1,7,-4,3,1,-1.0,-4,2,-2,-2
05/28/2020,2,8,-5,4,-1,-2.0,-5,-1,-3,-3
05/29/2020,3,-1,1,5,1,-3.0,1,1,1,1
06/01/2020,4,1,2,-1,2,1.0,2,2,2,2
06/02/2020,5,-1,3,1,3,2.0,3,3,3,3
06/03/2020,6,1,4,2,4,-1.0,4,4,-1,4
06/04/2020,-1,2,-1,3,5,-2.0,-1,-1,-2,-1
06/05/2020,1,3,1,4,6,1.0,1,1,1,-2
06/08/2020,2,4,2,5,7,2.0,2,2,-1,1
06/09/2020,3,5,3,6,8,3.0,3,3,1,2
06/10/2020,4,-1,4,-1,9,4.0,4,4,2,3
06/11/2020,-1,-2,-1,-2,-1,-1.0,-1,5,-1,-1
06/12/2020,-2,-3,-2,-3,-2,-2.0,-2,-1,-2,-2
06/15/2020,1,-4,1,-4,-3,1.0,1,1,1,-3
06/16/2020,2,1,2,1,1,2.0,2,2,2,-4
06/17/2020,3,-1,3,2,2,3.0,3,3,3,1
06/18/2020,4,-2,4,-1,3,4.0,4,4,-1,2
06/19/2020,5,-3,5,-2,-1,5.0,5,5,-2,3
06/22/2020,6,-4,6,-3,1,6.0,6,-1,1,4
06/23/2020,7,-5,7,-4,2,7.0,7,1,-1,5
06/24/2020,8,-6,-1,-5,-1,-1.0,8,-1,-2,6
06/25/2020,9,-7,1,1,-2,-2.0,9,1,-3,7
06/26/2020,-1,-8,-1,2,-3,-3.0,-1,-1,-4,8
06/29/2020,1,1,1,3,1,-4.0,-2,1,-5,9
06/30/2020,2,2,2,4,2,1.0,1,2,1,-1
07/01/2020,3,3,3,-1,3,2.0,2,3,2,1
07/02/2020,4,4,4,-2,4,3.0,3,4,3,-1
07/06/2020,5,5,5,1,5,4.0,4,5,4,1
07/07/2020,6,-1,6,-1,6,5.0,5,6,5,2
07/08/2020,7,-2,7,-2,7,6.0,6,7,6,3
07/09/2020,8,-3,8,1,8,7.0,7,8,7,4
07/10/2020,9,1,9,2,-1,8.0,8,9,8,5
07/13/2020,10,-1,-1,-1,-2,-1.0,-1,10,-1,-1
07/14/2020,11,-2,-2,1,1,-2.0,-2,11,1,-2
07/15/2020,12,1,-3,2,2,-3.0,-3,12,2,-3
07/16/2020,-1,2,-4,-1,-1,1.0,-4,-1,3,-4
07/17/2020,-2,-1,-5,1,1,2.0,-5,-2,4,-5
07/20/2020,1,1,1,2,2,3.0,1,1,5,1
07/21/2020,-1,2,2,3,-1,-1.0,2,2,6,2
07/22/2020,1,3,3,4,1,-2.0,-1,3,7,3
07/23/2020,-1,-1,-1,5,-1,-3.0,-2,-1,8,-1
07/24/2020,-2,1,-2,-1,-2,-4.0,-3,-2,9,-2
07/27/2020,1,2,-3,1,1,-5.0,1,1,10,1
07/28/2020,-1,-1,-4,-1,2,-6.0,-1,-1,11,-1
07/29/2020,1,1,1,1,3,1.0,1,1,12,1
07/30/2020,2,2,2,-1,4,2.0,2,-1,13,2
07/31/2020,3,3,3,1,5,3.0,3,-2,14,3
08/03/2020,4,-1,4,2,6,4.0,4,1,15,4
08/04/2020,5,-2,5,3,7,5.0,5,2,16,5
08/05/2020,6,1,6,4,8,6.0,6,3,17,6
08/06/2020,7,-1,7,5,9,7.0,7,4,18,-1
08/07/2020,8,1,-1,-1,-1,8.0,-1,-1,19,-2
08/10/2020,9,2,-2,1,-2,9.0,-2,-2,-1,-3
08/11/2020,-1,3,-3,-1,1,-1.0,-3,-3,-2,-4
08/12/2020,1,4,1,1,2,1.0,1,1,1,-5
08/13/2020,2,5,2,-1,3,2.0,2,2,2,-6
08/14/2020,3,-1,3,-2,4,3.0,-1,3,-1,1
08/17/2020,4,1,4,-3,-1,4.0,1,4,1,2
08/18/2020,5,2,5,-4,-2,5.0,2,5,-1,3
08/19/2020,6,-1,-1,-5,-3,6.0,3,6,-2,-1
08/20/2020,7,-2,1,-6,-4,7.0,4,7,1,1
08/21/2020,8,-3,2,-7,1,8.0,5,8,2,-1
08/24/2020,9,1,3,-8,2,9.0,6,9,3,-2
08/25/2020,10,2,4,-9,3,10.0,7,10,4,-3
08/26/2020,11,3,5,1,4,11.0,8,11,5,-4
08/27/2020,12,4,6,2,5,12.0,9,12,-1,-5
08/28/2020,13,5,7,-1,6,13.0,10,13,1,-6
08/31/2020,14,6,8,1,7,14.0,11,14,2,-7
09/01/2020,15,7,9,-1,8,15.0,12,15,3,-8
09/02/2020,16,8,10,1,9,16.0,13,-1,4,-9
09/03/2020,-1,9,-1,-1,-1,-1.0,-1,-2,-1,1
09/04/2020,-2,10,-2,-2,-2,-2.0,-2,-3,-2,-1
09/08/2020,-3,-1,-3,-3,-3,-3.0,-3,-4,-3,-2
09/09/2020,-4,-2,-4,-4,-4,-4.0,-4,-5,-4,-3
09/10/2020,-5,-3,-5,-5,-5,-5.0,-5,-6,-5,-4
09/11/2020,-6,-4,-6,-6,-6,-6.0,-6,-7,-6,-5
09/14/2020,1,1,-7,1,-7,-7.0,-7,1,-7,-6
09/15/2020,2,2,1,2,1,1.0,1,2,1,1
09/16/2020,-1,3,-1,3,-1,-1.0,-1,3,-1,-1
09/17/2020,-2,-1,-2,-1,1,-2.0,-2,-1,-2,-2
09/18/2020,-3,-2,-3,-2,-1,-3.0,-3,1,-3,1
09/21/2020,-4,-3,-4,-3,-2,-4.0,-4,2,1,2
09/22/2020,1,-4,1,-4,1,1.0,1,-1,2,3
09/23/2020,-1,-5,-1,-5,-1,-1.0,-1,-2,-1,4
09/24/2020,-2,-6,1,-6,1,-2.0,-2,-3,-2,5
09/25/2020,1,1,2,-7,2,1.0,1,1,1,6
09/28/2020,2,2,3,1,3,2.0,2,2,2,7
09/29/2020,3,3,4,2,4,3.0,3,3,3,8
09/30/2020,4,4,5,3,5,4.0,4,4,4,9
10/01/2020,5,5,6,-1,6,5.0,5,5,5,10
10/02/2020,-1,6,-1,-2,-1,-1.0,-1,-1,-1,11
10/05/2020,1,7,1,-3,1,1.0,1,1,1,12
10/06/2020,-1,-1,-1,-4,2,-1.0,-1,-1,2,13
10/07/2020,1,1,1,1,3,-2.0,1,1,3,14
10/08/2020,2,2,2,2,4,1.0,2,2,4,-1
10/09/2020,3,3,3,3,5,2.0,3,3,-1,-2
10/12/2020,4,4,4,4,6,3.0,4,4,-2,-3
10/13/2020,5,5,5,-1,7,4.0,5,5,1,1
10/14/2020,6,-1,6,1,8,5.0,6,6,-1,-1
10/15/2020,7,-2,7,2,9,-1.0,-1,7,-2,-2
10/16/2020,-1,-3,8,3,10,-2.0,-2,-1,-3,-3
10/19/2020,-2,-4,-1,-1,11,-3.0,-3,-2,-4,-4
10/20/2020,-3,1,-2,-2,-1,1.0,-4,-3,-5,-5
10/21/2020,-4,-1,-3,-3,1,2.0,-5,-4,-6,1
10/22/2020,-5,1,-4,-4,-1,3.0,-6,-5,-7,2
10/23/2020,-6,2,1,-5,1,4.0,-7,-6,1,3
10/26/2020,-7,3,-1,-6,-1,-1.0,1,-7,2,4
10/27/2020,1,4,-2,-7,-2,1.0,2,1,-1,5
10/28/2020,-1,-1,-3,-8,-3,-1.0,-1,-1,-2,6
10/29/2020,1,-2,-4,-9,1,1.0,1,-2,-3,-1
10/30/2020,-1,-3,-5,-10,-1,-1.0,-1,-3,-4,-2
11/02/2020,-2,-4,-6,-11,-2,-2.0,-2,-4,-5,1
11/03/2020,-3,1,1,1,1,-3.0,-3,1,1,2
11/04/2020,1,2,2,2,2,1.0,1,2,2,3
11/05/2020,2,3,3,3,3,2.0,2,3,3,-1
11/06/2020,3,4,4,4,4,3.0,3,4,4,-2
11/09/2020,-1,5,-1,5,5,-1.0,-1,-1,5,-3
11/10/2020,-2,6,-2,6,6,-2.0,-2,-2,-1,-4
11/11/2020,1,7,1,7,7,-3.0,-3,-3,1,-5
11/12/2020,2,-1,-1,8,8,-4.0,-4,-4,2,-6
11/13/2020,3,1,1,9,9,1.0,1,-5,3,-7
11/16/2020,4,2,2,10,10,2.0,2,-6,4,-8
11/17/2020,5,3,-1,11,11,-1.0,3,1,5,-9
11/18/2020,-1,4,-2,12,12,-2.0,-1,2,-1,-10
11/19/2020,-2,5,-3,-1,13,-3.0,-2,3,1,1
11/20/2020,-3,-1,-4,-2,-1,-4.0,-3,4,2,2
11/23/2020,-4,-2,-5,1,-2,-5.0,-4,5,3,3
11/24/2020,-5,1,1,2,1,1.0,1,6,4,-1
11/25/2020,1,2,2,3,-1,2.0,2,7,5,-2
11/27/2020,2,3,3,4,-2,3.0,3,8,6,1
11/30/2020,3,-1,4,5,1,4.0,4,9,7,2
12/01/2020,4,1,5,6,2,5.0,5,10,8,3
12/02/2020,5,2,6,7,3,6.0,6,-1,9,4
12/03/2020,6,3,-1,8,4,-1.0,-1,1,10,5
12/04/2020,7,4,-2,9,5,-2.0,-2,2,11,6
12/07/2020,8,5,-3,10,6,1.0,-3,3,12,7
12/08/2020,9,6,1,11,7,2.0,1,4,-1,8
12/09/2020,-1,-1,-1,12,-1,-1.0,-1,-1,-2,-1
12/10/2020,1,1,-2,-1,-2,-2.0,-2,1,-3,-2
12/11/2020,-1,2,1,-2,-3,-3.0,-3,-1,-4,1
12/14/2020,-2,3,2,-3,-4,-4.0,1,1,1,2
12/15/2020,1,4,3,1,-5,-5.0,2,2,2,3
12/16/2020,2,-1,4,2,1,-6.0,3,-1,3,4
12/17/2020,3,-2,5,3,2,-7.0,4,1,4,5
12/18/2020,-1,-3,6,4,-1,1.0,-1,2,-1,6
12/21/2020,1,-4,7,-1,-2,-1.0,1,-1,-2,7
12/22/2020,2,-5,8,-2,-3,-2.0,2,-2,-3,8
12/23/2020,3,-6,-1,-3,-4,-3.0,-1,-3,-4,9
12/24/2020,4,-7,1,-4,1,-4.0,-2,1,-5,10
12/28/2020,5,1,2,1,-1,1.0,1,2,-6,-1
12/29/2020,6,2,3,-1,1,2.0,2,3,-7,-2
12/30/2020,-1,3,-1,-2,2,-1.0,3,4,1,-3
12/31/2020,-2,4,-2,1,3,-2.0,-1,5,-1,1
01/04/2021,-3,-1,-3,-1,-1,-3.0,-2,6,1,-1
01/05/2021,-4,-2,-4,-2,1,-4.0,-3,7,2,1
01/06/2021,-5,1,-5,1,2,-5.0,-4,8,-1,-1
01/07/2021,1,-1,1,2,3,1.0,-5,9,1,1
01/08/2021,2,1,2,3,4,-1.0,1,10,2,2
01/11/2021,-1,2,-1,4,5,-2.0,-1,-1,3,-1
01/12/2021,-2,-1,-2,5,-1,-3.0,-2,1,4,-2
01/13/2021,1,-2,-3,6,1,-4.0,1,2,-1,1
01/14/2021,-1,-3,-4,-1,2,-5.0,-1,3,-2,2
01/15/2021,-2,-4,-5,1,-1,-6.0,-2,-1,-3,-1
01/19/2021,-3,-5,1,-1,1,1.0,-3,1,-4,1
01/20/2021,1,1,2,1,2,2.0,1,2,-5,2
01/21/2021,2,2,3,-1,3,3.0,2,3,1,3
01/22/2021,3,-1,4,-2,-1,4.0,3,4,2,4
01/25/2021,4,-2,5,-3,1,5.0,4,5,3,-1
01/26/2021,5,1,6,1,-1,6.0,5,6,4,1
01/27/2021,6,-1,7,2,-2,-1.0,-1,-1,-1,-1
01/28/2021,-1,-2,8,-1,-3,-2.0,-2,-2,-2,-2
01/29/2021,-2,-3,-1,-2,-4,-3.0,-3,-3,-3,-3
02/01/2021,-3,-4,1,1,1,-4.0,1,1,-4,1
02/02/2021,-4,1,2,2,2,1.0,2,2,1,2
02/03/2021,-5,2,3,3,3,2.0,-1,3,-1,3
02/04/2021,1,3,4,4,-1,3.0,1,-1,-2,4
02/05/2021,2,4,5,5,-2,4.0,2,1,-3,5
02/08/2021,3,5,6,6,-3,-1.0,-1,2,1,6
02/09/2021,-1,6,7,7,-4,1.0,-2,-1,2,7
02/10/2021,-2,7,8,-1,-5,2.0,-3,-2,3,8
02/11/2021,-3,8,9,-2,-6,3.0,-4,-3,4,9
02/12/2021,-4,-1,10,-3,1,4.0,-5,-4,5,10
02/16/2021,-5,1,-1,-4,-1,5.0,-6,-5,-1,11
02/17/2021,-6,-1,1,-5,-2,6.0,1,-6,-2,12
02/18/2021,-7,-2,-1,-6,-3,-1.0,2,-7,-3,13
02/19/2021,-8,-3,-2,-7,-4,-2.0,-1,-8,-4,14
02/22/2021,-9,-4,-3,-8,-5,-3.0,-2,-9,-5,-1
02/23/2021,-10,-5,-4,-9,-6,1.0,-3,-10,-6,-2
02/24/2021,-11,1,-5,-10,1,-1.0,-4,1,1,-3
02/25/2021,-12,2,-6,-11,-1,-2.0,-5,-1,-1,-4
02/26/2021,-13,3,-7,-12,-2,-3.0,-6,-2,-2,-5
03/01/2021,1,4,1,1,1,1.0,1,1,1,1
03/02/2021,2,5,-1,-1,-1,-1.0,-1,-1,-1,2
03/03/2021,-1,-1,-2,-2,-2,-2.0,-2,-2,-2,-1
03/04/2021,-2,-2,-3,-3,-3,-3.0,-3,-3,-3,-2
03/05/2021,-3,-3,1,1,-4,1.0,-4,-4,-4,-3
03/08/2021,-4,-4,-1,2,-5,-1.0,-5,-5,-5,-4
03/09/2021,1,1,1,3,1,1.0,1,1,1,-5
03/10/2021,-1,2,2,4,-1,2.0,2,2,-1,-6
03/11/2021,1,3,3,5,1,3.0,3,3,1,1
03/12/2021,2,4,4,6,2,4.0,4,4,2,-1
03/15/2021,3,5,5,7,3,5.0,5,5,3,1
03/16/2021,4,6,6,8,4,6.0,6,-1,4,2
03/17/2021,5,7,7,9,5,7.0,7,1,5,-1
03/18/2021,-1,-1,-1,-1,-1,8.0,-1,-1,-1,-2
03/19/2021,-2,-2,-2,-2,-2,9.0,1,-2,-2,-3
03/22/2021,1,-3,1,1,1,10.0,2,1,1,-4
03/23/2021,2,-4,2,2,2,11.0,3,-1,-1,-5
03/24/2021,-1,-5,3,-1,-1,-1.0,-1,-2,-2,-6
03/25/2021,-2,1,-1,1,-2,-2.0,-2,-3,-3,-7
03/26/2021,1,2,1,2,1,-3.0,-3,-4,-4,1
03/29/2021,2,3,2,3,2,1.0,1,-5,-5,2
03/30/2021,-1,4,-1,4,-1,2.0,-1,1,-6,3
03/31/2021,1,5,1,5,1,3.0,1,2,1,4
04/01/2021,2,6,2,6,2,4.0,2,3,2,5
04/05/2021,3,7,3,7,3,5.0,3,4,3,6
04/06/2021,4,8,4,-1,4,6.0,4,5,4,7
04/07/2021,5,9,5,-2,5,7.0,5,-1,5,8
04/08/2021,6,10,6,-3,6,8.0,6,1,6,9
04/09/2021,7,11,7,1,7,9.0,7,-1,7,10
04/12/2021,8,12,8,-1,-1,10.0,8,1,-1,11
04/13/2021,9,13,9,-2,-2,-1.0,9,2,-2,12
04/14/2021,10,14,10,-3,-3,-2.0,-1,3,-3,-1
04/15/2021,11,15,11,1,1,1.0,1,4,1,1
04/16/2021,12,16,12,2,2,-1.0,2,5,2,-1
04/19/2021,13,17,13,3,-1,-2.0,-1,-1,-1,-2
04/20/2021,-1,-1,-1,-1,-2,-3.0,-2,-2,-2,-3
04/21/2021,-2,1,1,-2,1,-4.0,1,1,1,1
04/22/2021,-3,-1,-1,-3,-1,-5.0,-1,-1,-1,2
04/23/2021,1,1,1,1,1,1.0,1,1,1,3
04/26/2021,2,-1,2,-1,2,2.0,2,2,2,4
04/27/2021,3,-2,3,-2,3,3.0,3,-1,3,5
04/28/2021,-1,-3,-1,-3,-1,4.0,4,-2,4,6
04/29/2021,-2,-4,-2,1,1,5.0,5,-3,5,7
04/30/2021,-3,-5,-3,-1,-1,6.0,6,1,-1,-1
05/03/2021,-4,1,-4,-2,-2,7.0,-1,-1,-2,-2
05/04/2021,-5,-1,-5,-3,-3,-1.0,-2,-2,-3,-3
05/05/2021,-6,-2,-6,1,-4,-2.0,-3,-3,-4,-4
05/06/2021,1,1,1,2,1,1.0,-4,-4,-5,1
05/07/2021,2,-1,2,3,2,2.0,-5,-5,1,2
05/10/2021,-1,-2,-1,4,-1,-1.0,-6,-6,-1,-1
05/11/2021,-2,-3,-2,5,-2,-2.0,-7,-7,-2,-2
05/12/2021,-3,-4,-3,-1,-3,-3.0,-8,-8,-3,-3
05/13/2021,-4,-5,-4,1,-4,-4.0,-9,-9,-4,-4
05/14/2021,1,-6,1,2,1,1.0,1,-10,-5,1
05/17/2021,2,-7,-1,3,2,2.0,2,-11,-6,-1
05/18/2021,-1,-8,-2,4,-1,-1.0,3,-12,-7,1
05/19/2021,-2,-9,-3,-1,1,1.0,4,-13,1,2
05/20/2021,1,1,1,1,2,2.0,5,1,2,3
05/21/2021,-1,2,2,-1,3,3.0,-1,2,3,-1
05/24/2021,1,3,3,1,4,4.0,1,3,4,1
05/25/2021,2,4,4,2,5,5.0,2,4,5,2
05/26/2021,3,5,5,-1,6,6.0,3,5,6,3
05/27/2021,-1,6,-1,-2,7,7.0,-1,6,7,4
05/28/2021,-2,7,-2,-3,8,8.0,-2,7,8,5
06/01/2021,-3,8,-3,-4,9,9.0,-3,8,9,6
06/02/2021,1,-1,-4,1,10,10.0,1,-1,10,-1
06/03/2021,-1,-2,-5,2,-1,-1.0,-1,-2,-1,-2
06/04/2021,1,-3,1,3,1,1.0,-2,1,1,-3
06/07/2021,2,-4,2,4,-1,2.0,-3,2,2,-4
06/08/2021,3,-5,3,5,1,3.0,1,3,-1,-5
06/09/2021,4,-6,4,6,-1,-1.0,2,-1,-2,-6
06/10/2021,-1,1,5,7,1,1.0,3,1,1,1
06/11/2021,1,2,6,8,2,-1.0,4,2,2,2
06/14/2021,2,3,7,-1,3,1.0,5,3,3,3
06/15/2021,3,-1,8,-2,4,2.0,6,-1,-1,-1
06/16/2021,4,-2,-1,-3,-1,-1.0,7,-2,-2,-2
06/17/2021,5,-3,1,-4,1,1.0,8,1,1,1
06/18/2021,6,-4,2,-5,-1,-1.0,9,2,2,-1
06/21/2021,7,1,3,1,-2,-2.0,10,3,-1,1
06/22/2021,8,2,4,2,1,1.0,11,4,1,-1
06/23/2021,9,3,5,-1,2,2.0,12,5,2,-2
06/24/2021,10,4,6,-2,3,3.0,-1,6,3,1
06/25/2021,11,5,7,1,4,4.0,-2,7,4,2
06/28/2021,12,6,8,-1,5,5.0,1,8,5,3
06/29/2021,13,7,9,-2,6,6.0,2,9,6,4
06/30/2021,14,-1,10,1,7,-1.0,-1,10,7,-1
07/01/2021,15,1,11,2,-1,1.0,-2,11,8,1
07/02/2021,16,2,12,3,1,2.0,1,12,9,2
07/06/2021,17,3,13,-1,-1,3.0,2,-1,10,3
07/07/2021,18,4,14,1,-2,-1.0,3,-2,-1,-1
07/08/2021,19,5,15,2,-3,-2.0,4,-3,-2,-2
07/09/2021,20,6,16,3,1,1.0,5,-4,-3,-3
07/12/2021,21,7,-1,-1,2,2.0,6,1,-4,-4
07/13/2021,22,8,1,-2,-1,3.0,-1,-1,-5,-5
07/14/2021,23,9,2,1,1,-1.0,-2,-2,-6,-6
07/15/2021,24,10,3,2,-1,-2.0,-3,-3,-7,-7
07/16/2021,-1,-1,4,3,-2,-3.0,-4,-4,-8,-8
07/19/2021,-2,-2,-1,-1,-3,-4.0,-5,-5,-9,-9
07/20/2021,1,1,1,1,-4,-5.0,-6,1,-10,1
07/21/2021,-1,2,2,2,1,1.0,-7,2,1,2
07/22/2021,1,3,3,3,2,2.0,1,-1,2,-1
07/23/2021,2,4,4,4,3,3.0,2,-2,3,1
07/26/2021,3,5,5,5,4,4.0,3,1,4,-1
07/27/2021,-1,6,-1,6,-1,5.0,-1,-1,5,-2
07/28/2021,-2,-1,-2,-1,1,6.0,-2,-2,6,-3
07/29/2021,-3,-2,-3,1,2,-1.0,-3,1,7,-4
07/30/2021,-4,-3,-4,2,3,-2.0,-4,2,8,-5
08/02/2021,-5,-4,-5,3,4,-3.0,-5,3,9,-6
08/03/2021,1,-5,1,4,-1,-4.0,-6,4,10,-7
08/04/2021,2,-6,2,5,1,1.0,-7,5,11,-8
08/05/2021,3,-7,3,6,-1,2.0,-8,6,12,-9
08/06/2021,-1,-8,4,-1,-2,3.0,-9,-1,-1,-10
08/09/2021,-2,-9,5,-2,-3,4.0,-10,1,-2,-11
08/10/2021,-3,-10,-1,1,-4,-1.0,-11,2,-3,-12
08/11/2021,-4,-11,-2,2,1,-2.0,-12,-1,-4,-13
08/12/2021,1,-12,1,3,2,1.0,-13,1,-5,-14
08/13/2021,2,1,2,4,3,2.0,-14,2,1,1
08/16/2021,3,2,3,5,4,3.0,-15,-1,-1,-1
08/17/2021,4,-1,4,-1,-1,-1.0,-16,-2,-2,1
08/18/2021,-1,-2,-1,-2,-2,-2.0,-17,1,-3,-1
08/19/2021,-2,-3,1,1,-3,-3.0,-18,-1,-4,1
08/20/2021,1,-4,2,2,-4,1.0,-19,-2,-5,2
08/23/2021,2,-5,3,3,1,2.0,1,1,1,3
08/24/2021,3,-6,4,4,2,3.0,2,2,2,4
08/25/2021,-1,1,5,5,3,4.0,3,3,3,5
08/26/2021,-2,-1,-1,6,-1,-1.0,4,-1,-1,6
08/27/2021,1,1,-2,7,1,1.0,5,1,1,7
08/30/2021,2,2,1,8,2,2.0,6,2,2,8
08/31/2021,3,3,2,-1,3,3.0,7,3,3,9
09/01/2021,4,4,3,1,4,4.0,8,4,-1,-1
09/02/2021,5,5,-1,2,-1,-1.0,9,5,-2,-2
09/03/2021,6,6,-2,3,-2,-2.0,10,6,1,-3
09/07/2021,7,-1,-3,-1,-3,1.0,11,7,-1,-4
09/08/2021,8,1,-4,-2,-4,-1.0,12,8,-2,-5
09/09/2021,-1,2,-5,-3,-5,-2.0,-1,9,-3,-6
09/10/2021,-2,3,-6,-4,-6,1.0,-2,-1,-4,1
09/13/2021,-3,4,-7,-5,1,-1.0,-3,-2,-5,-1
09/14/2021,-4,5,1,-6,-1,-2.0,-4,1,-6,-2
09/15/2021,-5,-1,2,-7,-2,-3.0,1,2,-7,-3
09/16/2021,-6,-2,3,-8,-3,-4.0,2,3,1,-4
09/17/2021,-7,-3,-1,-9,-4,-5.0,-1,4,-1,-5
09/20/2021,-8,-4,-2,-10,-5,-6.0,-2,-1,-2,-6
09/21/2021,-9,-5,-3,-11,-6,-7.0,-3,-2,-3,-7
09/22/2021,1,-6,1,-12,-7,-8.0,-4,1,1,-8
09/23/2021,2,1,2,1,1,-9.0,1,2,2,-9
09/24/2021,3,2,3,2,2,1.0,2,3,3,-10
09/27/2021,-1,-1,-1,-1,-1,2.0,-1,4,4,-11
09/28/2021,-2,-2,-2,-2,-2,-1.0,-2,5,-1,-12
09/29/2021,-3,-3,-3,-3,-3,-2.0,-3,6,-2,-13
09/30/2021,-4,-4,-4,-4,-4,-3.0,-4,-1,1,-14
10/01/2021,-5,1,1,-5,-5,1.0,-5,-2,-1,-15
10/04/2021,-6,-1,-1,-6,-6,-1.0,-6,1,-2,-16
10/05/2021,-7,-2,1,-7,-7,-2.0,-7,2,1,-17
10/06/2021,1,1,2,-8,-8,-3.0,1,3,2,-18
10/07/2021,2,2,3,1,-9,-4.0,2,4,3,1
10/08/2021,3,-1,4,2,-10,-5.0,3,-1,4,2
10/11/2021,4,-2,5,3,-11,-6.0,-1,1,5,-1
10/12/2021,-1,-3,-1,-1,-12,-7.0,-2,2,6,-2
10/13/2021,-2,-4,1,-2,1,-8.0,1,3,7,1
10/14/2021,1,1,2,1,2,1.0,2,4,8,2
10/15/2021,2,2,3,2,3,-1.0,3,5,9,-1
10/18/2021,3,3,4,3,4,1.0,4,6,10,1
10/19/2021,4,4,5,4,5,2.0,5,7,11,2
10/20/2021,5,5,6,5,6,3.0,6,8,12,3
10/21/2021,6,6,7,-1,7,4.0,7,9,13,4
10/22/2021,7,7,8,-2,-1,-1.0,-1,10,14,-1
10/25/2021,8,8,-1,-3,1,-2.0,-2,11,15,-2
10/26/2021,9,9,1,1,2,-3.0,1,12,16,-3
10/27/2021,10,-1,2,2,-1,-4.0,2,13,17,-4
10/28/2021,11,-2,3,3,1,-5.0,3,14,-1,1
10/29/2021,-1,-3,4,4,2,1.0,-1,15,-2,-1
11/01/2021,-2,-4,5,5,3,2.0,-2,16,1,1
11/02/2021,1,1,6,6,4,3.0,-3,17,2,-1
11/03/2021,2,2,7,7,5,4.0,1,18,3,-2
11/04/2021,3,3,8,8,6,5.0,2,19,4,-3
11/05/2021,4,4,9,-1,7,6.0,3,20,5,-4
11/08/2021,-1,5,10,-2,8,7.0,4,-1,6,-5
11/09/2021,1,-1,11,1,9,-1.0,5,-2,7,1
11/10/2021,-1,-2,-1,2,-1,-2.0,-1,-3,-1,2
11/11/2021,-2,-3,-2,-1,1,-3.0,-2,-4,1,3
11/12/2021,1,-4,1,-2,2,1.0,1,-5,2,4
11/15/2021,2,-5,2,1,3,2.0,2,-6,3,-1
11/16/2021,3,1,3,-1,4,3.0,3,1,4,-2
11/17/2021,4,2,4,-2,5,-1.0,4,2,5,-3
11/18/2021,5,3,5,-3,6,-2.0,5,3,6,-4
11/19/2021,6,-1,6,-4,7,1.0,6,4,7,-5
11/22/2021,7,-2,-1,-5,-1,-1.0,-1,5,-1,-6
11/23/2021,8,1,-2,1,-2,-2.0,-2,-1,-2,-7
11/24/2021,9,2,-3,2,-3,1.0,-3,-2,1,-8
11/26/2021,-1,-1,-4,-1,-4,-1.0,-4,-3,2,-9
11/29/2021,1,-2,1,1,1,1.0,1,1,3,-10
11/30/2021,2,-3,-1,-1,-1,-1.0,-1,2,4,-11
12/01/2021,3,-4,-2,-2,-2,-2.0,-2,-1,-1,-12
12/02/2021,4,1,-3,1,-3,-3.0,-3,-2,-2,-13
12/03/2021,-1,2,-4,2,-4,-4.0,-4,-3,-3,1
12/06/2021,1,3,-5,3,-5,1.0,-5,-4,-4,2
12/07/2021,2,4,1,4,1,2.0,1,1,-5,3
12/08/2021,3,5,2,5,2,3.0,2,2,1,4
12/09/2021,4,6,3,6,3,4.0,-1,-1,-1,5
12/10/2021,5,7,4,7,4,5.0,-2,-2,-2,-1
12/13/2021,6,-1,5,8,5,6.0,-3,-3,-3,-2
12/14/2021,-1,-2,-1,-1,-1,7.0,-4,-4,-4,-3
12/15/2021,1,-3,1,1,1,8.0,1,-5,1,1
12/16/2021,-1,-4,-1,2,-1,-1.0,-1,-6,-1,2
12/17/2021,-2,-5,-2,3,-2,-2.0,-2,-7,-2,3
12/20/2021,-3,-6,-3,4,-3,-3.0,-3,-8,-3,4
12/21/2021,1,-7,1,5,1,1.0,1,1,1,5
12/22/2021,2,1,2,6,2,-1.0,2,2,2,-1
12/23/2021,3,2,3,7,3,1.0,3,3,3,1
12/27/2021,4,3,4,8,4,2.0,-1,4,4,-1
12/28/2021,5,4,5,9,5,3.0,1,5,5,-2
12/29/2021,6,5,6,10,6,4.0,-1,6,-1,-3
12/30/2021,-1,6,-1,11,-1,5.0,-2,7,-2,1
12/31/2021,-2,7,-2,-1,-2,-1.0,-3,-1,-3,-1
01/03/2022,1,8,-3,-2,1,-2.0,1,1,1,1
01/04/2022,2,-1,-4,-3,2,-3.0,-1,2,-1,-1
01/05/2022,-1,-2,-5,-4,3,-4.0,-2,-1,-2,-2
01/06/2022,-2,-3,-6,-5,-1,-5.0,-3,-2,-3,-3
01/07/2022,-3,-4,-7,-6,-2,-6.0,-4,-3,-4,-4
01/10/2022,-4,-5,-8,1,-3,-7.0,-5,-4,-5,1
01/11/2022,1,-6,-9,2,1,1.0,1,1,1,2
01/12/2022,2,-7,1,3,2,2.0,2,2,2,3
01/13/2022,-1,-8,-1,-1,-1,-1.0,-1,-1,-1,4
01/14/2022,-2,-9,-2,-2,1,1.0,-2,-2,1,5
01/18/2022,-3,-10,-3,-3,-1,-1.0,-3,-3,-1,6
01/19/2022,-4,-11,-4,-4,-2,-2.0,-4,-4,-2,7
01/20/2022,-5,-12,-5,-5,-3,-3.0,-5,-5,-3,8
01/21/2022,-6,-13,-6,-6,-4,-4.0,-6,-6,-4,9
01/24/2022,-7,1,-7,-7,-5,-5.0,-7,-7,-5,-1
01/25/2022,-8,-1,-8,-8,-6,-6.0,-8,-8,-6,-2
01/26/2022,-9,-2,1,-9,-7,-7.0,-9,-9,-7,-3
01/27/2022,-10,-3,2,-10,-8,-8.0,-10,-10,-8,-4
01/28/2022,1,1,3,-11,1,1.0,1,-11,-9,-5
01/31/2022,2,2,4,1,2,2.0,2,1,1,1
02/01/2022,3,3,5,-1,3,3.0,3,2,2,2
02/02/2022,4,-1,6,1,4,4.0,4,-1,3,3
02/03/2022,-1,-2,-1,-1,5,-1.0,-1,-2,4,4
02/04/2022,-2,-3,-2,-2,6,-2.0,1,1,5,5
02/07/2022,-3,-4,-3,-3,-1,-3.0,2,-1,6,-1
02/08/2022,1,-5,1,1,1,-4.0,3,1,7,1
02/09/2022,2,1,2,2,2,-5.0,4,2,8,2
02/10/2022,-1,-1,-1,-1,-1,-6.0,5,-1,-1,3
02/11/2022,-2,-2,-2,-2,-2,-7.0,-1,-2,-2,4
02/14/2022,-3,-3,-3,-3,-3,-8.0,-2,-3,-3,-1
02/15/2022,1,1,1,1,1,-9.0,1,1,1,-2
02/16/2022,2,2,2,2,2,-10.0,2,2,-1,-3
02/17/2022,-1,-1,-1,3,-1,-11.0,-1,-1,-2,-4
02/18/2022,-2,-2,-2,4,-2,-12.0,-2,-2,-3,-5
02/22/2022,-3,-3,-3,5,-3,-13.0,-3,-3,1,-6
02/23/2022,-4,-4,-4,-1,-4,-14.0,-4,-4,-1,-7
02/24/2022,-5,-5,1,-2,1,1.0,1,-5,1,1
02/25/2022,1,1,2,1,2,2.0,2,-6,2,2
02/28/2022,2,-1,3,2,3,3.0,3,1,3,3
03/01/2022,-1,-2,-1,-1,-1,-1.0,-1,2,-1,-1
03/02/2022,1,1,1,1,1,1.0,1,3,1,1
03/03/2022,2,-1,-1,2,-1,-1.0,-1,-1,-1,2
03/04/2022,-1,-2,-2,3,-2,-2.0,-2,-2,-2,3
03/07/2022,-2,-3,-3,-1,-3,-3.0,-3,-3,-3,-1
03/08/2022,-3,-4,-4,-2,-4,-4.0,-4,-4,-4,-2
03/09/2022,1,1,1,1,1,1.0,-5,1,1,1
03/10/2022,-1,2,2,-1,-1,-1.0,1,-1,-1,2
03/11/2022,-2,-1,-1,-2,-2,-2.0,2,-2,-2,-1
03/14/2022,-3,-2,-2,-3,-3,-3.0,-1,-3,-3,-2
03/15/2022,1,1,1,1,-4,1.0,1,1,1,-3
03/16/2022,2,2,2,2,1,2.0,2,2,2,1
03/17/2022,3,3,3,3,2,3.0,3,3,3,2
03/18/2022,4,4,4,4,3,4.0,4,4,4,3
03/21/2022,5,-1,5,5,4,5.0,5,5,5,4
03/22/2022,6,1,6,6,5,6.0,6,6,6,5
03/23/2022,7,-1,7,-1,-1,7.0,7,7,-1,6
03/24/2022,8,1,8,-2,1,8.0,8,8,1,7
03/25/2022,9,2,9,-3,2,9.0,9,9,2,8
03/28/2022,10,3,10,1,3,10.0,10,10,3,9
03/29/2022,11,4,11,2,4,11.0,11,11,4,10
03/30/2022,12,5,12,3,-1,12.0,-1,12,-1,11
03/31/2022,-1,6,-1,4,-2,-1.0,-2,13,-2,12
04/01/2022,-2,7,-2,-1,-3,1.0,-3,14,-3,-1
